Time_s,NodeID,SeqNum,Priority,E2EDelay_s,Size_bytes
2.05305,2,1,2,0.006266,90
2.05691,2,2,2,0.010122,90
2.06628,3,1,2,0.00413801,90
2.07258,3,2,2,0.010434,90
2.07889,3,3,2,0.01675,90
2.08369,5,1,2,0.00618602,90
2.09031,5,2,2,0.012802,90
2.09764,10,1,2,0.00477803,90
2.10394,10,2,2,0.011074,90
2.54275,2,3,2,0.00445004,90
2.54779,2,4,2,0.00948604,90
2.55781,3,4,2,0.00414205,90
2.5625,3,5,2,0.00883805,90
2.56749,3,6,2,0.0138301,49
2.57283,5,3,2,0.00380606,90
2.57738,5,4,2,0.00835806,35
2.58852,10,3,2,0.00413407,90
2.59321,10,4,2,0.00883007,90
2.60483,8,1,1,0.00508608,90
3.03397,2,5,2,0.00414208,90
3.03898,2,6,2,0.00915808,90
3.04996,10,5,2,0.00477409,90
3.05529,10,6,2,0.0101101,90
3.52515,2,7,2,0.0041261,90
3.53051,2,8,2,0.0094821,90
3.54116,3,7,2,0.0047781,90
3.5465,3,8,2,0.0101141,90
3.55249,3,9,2,0.0161101,90
3.57091,5,5,2,0.00380612,90
3.57723,5,6,2,0.0101221,90
3.58692,10,7,2,0.00445813,90
3.59162,10,8,2,0.00915413,90
3.60323,8,2,0,0.00541013,90
4.01827,2,9,2,0.00444614,90
4.02459,2,10,2,0.0107621,90
4.0346,3,10,2,0.00541814,90
4.0409,3,11,2,0.0117141,90
4.04657,3,12,2,0.0173902,90
4.05265,5,7,2,0.00810616,90
4.05767,5,8,2,0.0131222,90
4.06564,10,9,2,0.00573817,90
4.07066,10,10,2,0.0107542,90
4.50787,2,11,2,0.00381017,90
4.51291,2,12,2,0.00884618,90
4.52421,3,13,2,0.00478218,90
4.52922,3,14,2,0.00979818,90
4.53255,3,15,2,0.0131302,57
4.53859,5,9,2,0.00380619,90
4.54262,5,10,2,0.0078382,39
4.55396,10,11,2,0.0038142,90
4.55929,10,12,2,0.00915021,90
4.56995,8,3,1,0.00444621,90
4.99909,2,13,2,0.00382221,90
5.0033,2,14,2,0.00803422,35
5.01571,10,13,2,0.00509022,90
5.02075,10,14,2,0.0101262,90
5.03141,8,4,1,0.00542223,90
5.4906,3,16,2,0.00413823,90
5.49562,3,17,2,0.00915424,90
5.50161,3,18,2,0.0151502,90
5.50595,5,11,2,0.00412624,90
5.51099,5,12,2,0.00916225,90
5.52196,10,15,2,0.00477825,90
5.52698,10,16,2,0.00979426,90
5.98275,2,15,2,0.00445026,90
5.98843,2,16,2,0.0101263,90
5.99973,3,19,2,0.00606227,90
6.0041,3,20,2,0.0104383,90
6.00845,3,21,2,0.0147903,49
6.01379,5,13,2,0.00476628,90
6.01883,5,14,2,0.00980228,90
6.03044,10,17,3,0.00605829,90
6.03706,10,18,3,0.0126743,90
6.04547,8,5,1,0.0057303,90
6.47491,2,17,2,0.0054063,90
6.48091,2,18,2,0.0114023,90
6.49092,5,15,2,0.00605831,90
6.49463,5,16,2,0.00977031,39
6.50403,10,19,2,0.00380632,90
6.50971,10,20,2,0.00948232,90
6.5194,8,6,1,0.00381833,90
6.969,2,19,2,0.00605433,90
6.97369,2,20,2,0.0107503,90
6.98211,3,22,2,0.00380634,90
6.98811,3,23,2,0.00980234,90
6.99376,3,24,2,0.0154583,90
7.01508,10,21,2,0.00605435,90
7.01945,10,22,2,0.0104304,90
7.45859,2,21,0,0.00444636,90
7.46523,2,22,0,0.0110824,90
7.47492,3,25,2,0.00541836,90
7.47994,3,26,2,0.0104344,90
7.48561,3,27,2,0.0161104,90
7.49059,5,17,2,0.00572638,90
7.49563,5,18,2,0.0107624,90
7.50404,10,23,2,0.00381838,90
7.51066,10,24,2,0.0104344,90
7.52035,8,7,1,0.00477039,90
7.94851,2,23,2,0.0044464,90
7.95515,2,24,2,0.0110824,90
7.96452,3,28,2,0.0050984,90
7.96986,3,29,2,0.0104344,90
7.97353,3,30,2,0.0141064,48
7.97989,5,19,0,0.00510242,90
7.98356,5,20,0,0.00877442,38
7.99491,10,25,2,0.00477043,90
7.99985,10,26,2,0.00970243,37
8.44036,2,25,2,0.00477843,90
8.44634,2,26,2,0.0107544,90
8.45507,8,8,1,0.00413044,90
8.93379,2,27,0,0.00572644,90
8.93979,2,28,0,0.0117224,90
8.94852,3,31,2,0.00509845,90
8.95354,3,32,2,0.0101145,90
8.95825,3,33,2,0.0148305,90
8.97827,5,21,2,0.00412646,90
8.98491,5,22,2,0.0107625,90
8.99396,10,27,2,0.00445847,90
9.00058,10,28,2,0.0110745,90
9.00995,8,9,1,0.00509048,90
9.42403,2,29,2,0.00572648,90
9.43035,2,30,2,0.0120425,90
9.43748,3,34,2,0.00381849,90
9.44314,3,35,2,0.0094745,90
9.44977,3,36,2,0.0161105,90
9.45411,5,23,2,0.0050865,90
9.46043,5,24,2,0.0114025,90
9.4698,10,29,2,0.00541851,90
9.4745,10,30,2,0.0101145,90
9.91587,2,31,2,0.00477052,90
9.92027,2,32,2,0.00916652,90
9.93253,3,37,2,0.00606253,90
9.93754,3,38,2,0.0110785,90
9.94125,3,39,2,0.0147905,49
9.94563,5,25,2,0.00380654,90
9.94838,5,26,2,0.00655854,39
9.96164,10,31,2,0.00445455,90
9.96697,10,32,2,0.00979055,90
9.97763,8,10,1,0.00508656,90
10.4061,2,33,2,0.00478256,90
10.4118,2,34,2,0.0104386,90
10.4212,10,33,2,0.00445457,90
10.4265,10,34,2,0.00979057,90
10.4359,8,11,1,0.00380658,90
10.897,2,35,2,0.00382258,90
10.9033,2,36,2,0.0101186,90
10.9136,3,40,2,0.00509459,90
10.9199,3,41,2,0.0113906,90
10.9243,3,42,2,0.0157866,90
10.9293,5,27,2,0.0054226,90
10.934,5,28,2,0.0101186,90
10.9434,10,35,2,0.00413461,90
10.9491,10,36,2,0.00979061,90
11.3892,2,37,2,0.00380662,90
11.3958,2,38,2,0.0104426,90
11.4052,3,43,2,0.00445862,90
11.4105,3,44,2,0.00979463,90
11.4155,3,45,2,0.0148306,90
11.4202,5,29,2,0.00412664,90
11.4259,5,30,2,0.00980264,90
11.4356,10,37,2,0.00413864,90
11.4415,10,38,2,0.0101146,90
11.4516,8,12,1,0.00477065,90
11.4663,11,1,3,0.00416665,71
11.8839,2,39,0,0.00606266,90
11.8889,2,40,0,0.0110787,90
11.8989,3,46,2,0.00573467,90
11.9049,3,47,2,0.0117107,90
11.9101,3,48,2,0.0169027,45
11.9163,5,31,3,0.00777868,90
11.9197,5,32,3,0.0111307,38
11.9284,10,39,2,0.00444669,90
11.935,10,40,2,0.0110827,90
11.9453,8,13,1,0.0060587,90
12.3728,2,41,2,0.0038147,90
12.3795,2,42,2,0.0104307,90
12.3882,10,41,2,0.00380671,90
12.3942,10,42,2,0.00980271,90
12.865,2,43,2,0.00381872,90
12.8703,2,44,2,0.00915472,90
12.8813,3,49,2,0.00477072,90
12.886,3,50,2,0.00948673,90
12.891,3,51,2,0.0145027,90
12.8957,5,33,2,0.00381874,90
12.9023,5,34,2,0.0104347,90
12.9127,10,43,2,0.00541075,90
12.9187,10,44,2,0.0114067,90
12.9284,8,14,1,0.00574275,90
13.3575,2,45,2,0.00605876,90
13.3631,2,46,2,0.0117148,90
13.3728,3,52,2,0.00605076,90
13.3795,3,53,2,0.0126868,90
13.3829,3,54,2,0.0160988,40
13.4016,5,35,2,0.00413478,90
13.4067,5,36,2,0.00915078,90
13.4176,10,45,2,0.00476678,90
13.422,10,46,2,0.00916279,90
13.8461,2,47,2,0.00381879,90
13.8518,2,48,2,0.0094748,90
13.8634,5,37,2,0.0057308,90
13.8665,5,38,2,0.0088028,39
13.8784,10,47,2,0.00541881,90
13.8838,10,48,2,0.0107548,90
13.8922,8,15,1,0.00381082,90
13.9093,9,1,3,0.00550682,73
14.3389,2,49,2,0.00478282,90
14.3433,2,50,2,0.00915883,90
14.3533,3,55,2,0.00381483,90
14.3577,3,56,2,0.00819084,90
14.3631,3,57,2,0.0135468,90
14.3863,10,49,2,0.00606285,90
14.3919,10,50,2,0.0117188,90
14.4016,8,16,3,0.00605485,90
14.8314,2,51,2,0.00413086,90
14.8374,2,52,2,0.0101269,90
14.8477,3,58,2,0.00510286,90
14.8534,3,59,2,0.0107589,90
14.8581,3,60,2,0.0154549,90
14.8778,5,39,2,0.00445088,90
14.8828,5,40,2,0.00948688,90
14.8944,10,51,2,0.00574289,90
14.8998,10,52,2,0.0110789,90
15.3239,2,53,2,0.00605489,90
15.3299,2,54,2,0.0120309,90
15.3373,3,61,2,0.0041269,90
15.3436,3,62,2,0.0104429,90
15.3478,3,63,2,0.0146349,54
15.3527,5,41,2,0.00413091,90
15.3571,5,42,2,0.00852692,90
15.368,10,53,2,0.00414292,90
15.3734,10,54,2,0.00947892,90
15.3837,8,17,3,0.00445493,90
15.8141,2,55,2,0.00445093,90
15.8185,2,56,2,0.00884694,90
15.8308,5,43,2,0.00574294,90
15.8351,5,44,2,0.0100549,38
15.8448,10,55,2,0.00445095,90
15.8496,10,56,2,0.00916695,90
15.8618,8,18,1,0.00606296,90
16.306,2,57,0,0.00541896,90
16.3119,2,58,0,0.011395,90
16.321,3,64,2,0.00509097,90
16.3257,3,65,2,0.00980697,90
16.332,3,66,2,0.016103,90
16.337,10,57,2,0.00573898,90
16.3417,10,58,2,0.010435,90
16.7991,2,59,2,0.00605099,90
16.8044,2,60,2,0.011407,90
16.8122,3,67,2,0.003823,90
16.8169,3,68,2,0.008519,90
16.8216,3,69,2,0.013215,90
16.8288,5,45,2,0.00509101,90
16.8336,5,46,2,0.00980701,90
16.8429,10,59,2,0.00382302,90
16.8476,10,60,2,0.00851902,90
16.8583,8,19,3,0.00381503,90
17.2903,2,61,2,0.00573103,90
17.295,2,62,2,0.010447,90
17.306,3,70,2,0.00606304,90
17.3107,3,71,2,0.010759,90
17.3144,3,72,2,0.014491,50
17.3213,5,47,2,0.00604705,90
17.3253,5,48,2,0.0100591,38
17.3351,10,61,2,0.00445506,90
17.3395,10,62,2,0.00883106,90
17.7808,2,63,2,0.00444706,90
17.7859,2,64,2,0.00948307,90
17.7978,10,63,2,0.00605907,90
17.8038,10,64,2,0.0120351,90
17.8112,8,20,1,0.00413108,90
17.8264,11,2,3,0.00390708,73
18.2733,2,65,0,0.00606309,90
18.2796,2,66,0,0.0123591,90
18.2874,3,73,2,0.0047751,90
18.2921,3,74,2,0.0094711,90
18.2968,3,75,2,0.0141871,90
18.3037,5,49,0,0.00574311,90
18.3094,5,50,0,0.0113991,90
18.3175,10,65,2,0.00413512,90
18.3241,10,66,2,0.0107511,90
18.3338,8,21,1,0.00508713,90
18.762,2,67,2,0.00446313,90
18.7673,2,68,2,0.00979913,90
18.778,3,76,2,0.00509514,90
18.7823,3,77,2,0.00947114,90
18.7853,3,78,2,0.0124431,46
18.793,5,51,2,0.00477915,90
18.7996,5,52,2,0.0113952,90
18.8074,10,67,2,0.00381116,90
18.8134,10,68,2,0.00980716,90
19.2532,2,69,2,0.00414316,90
19.2565,2,70,2,0.00749517,38
19.2695,5,53,2,0.00509117,90
19.2744,5,54,2,0.0100432,38
19.2848,10,69,2,0.00509918,90
19.2905,10,70,2,0.0107552,90
19.3008,8,22,1,0.00573119,90
19.7456,3,79,2,0.00508719,90
19.7503,3,80,2,0.0098032,90
19.7547,3,81,2,0.0141792,90
19.776,10,71,2,0.00477521,90
19.7827,10,72,2,0.0113912,90
19.7914,8,23,1,0.00476721,90
20.2378,2,71,2,0.00542322,90
20.2435,2,72,2,0.0110792,90
20.2538,3,82,2,0.00605522,90
20.2585,3,83,2,0.0107512,90
20.2645,3,84,2,0.0167472,90
20.2685,5,55,2,0.00542324,90
20.2735,5,56,2,0.0104392,90
20.2842,10,73,2,0.00573525,90
20.2902,10,74,2,0.0117112,90
20.7284,2,73,0,0.00508725,90
20.7327,2,74,0,0.00948326,90
20.7437,3,85,2,0.00509926,90
20.7494,3,86,2,0.0107553,90
20.7538,3,87,2,0.0151673,51
20.7597,5,57,2,0.00574327,90
20.7647,5,58,2,0.0107593,90
20.7735,10,75,2,0.00413528,90
20.7788,10,76,2,0.00947129,90
20.7892,8,24,1,0.00444729,90
21.2215,2,75,2,0.00574329,90
21.2259,2,76,2,0.0101193,90
21.2356,5,59,2,0.0044553,90
21.2398,5,60,2,0.0087073,36
21.2525,10,77,2,0.00606331,90
21.2571,10,78,2,0.0105953,35
21.7124,2,77,0,0.00509132,90
21.719,2,78,0,0.0117273,90
21.7264,3,88,2,0.00382332,90
21.7315,3,89,2,0.00883933,90
21.7371,3,90,2,0.0144953,90
21.7434,8,25,1,0.00541134,90
22.2045,2,79,2,0.00444734,90
22.2089,2,80,2,0.00884334,90
22.2212,3,91,2,0.00573935,90
22.2271,3,92,2,0.0117154,90
22.2325,3,93,2,0.0170714,90
22.2367,5,61,2,0.00586736,90
22.241,5,62,2,0.0102434,90
22.2522,10,79,2,0.00605937,90
22.2582,10,80,2,0.0120354,90
22.2656,8,26,1,0.00413138,90
22.6932,2,81,0,0.00380738,90
22.6985,2,82,0,0.00916338,90
22.7092,3,94,2,0.00445939,90
22.7135,3,95,2,0.00883539,90
22.7178,3,96,2,0.0131274,57
22.7261,5,63,2,0.0060634,90
22.7311,5,64,2,0.0110794,90
22.7405,10,81,2,0.00509541,90
22.7455,10,82,2,0.0101114,90
23.1885,2,83,2,0.00572742,90
23.1932,2,84,2,0.0104434,90
23.2026,5,65,2,0.00445942,90
23.2053,5,66,2,0.00711143,36
23.2189,10,83,2,0.00540743,90
23.2239,10,84,2,0.0104434,90
23.2327,8,27,1,0.00381944,90
23.6781,2,85,2,0.00541544,90
23.6835,2,86,2,0.0107514,90
23.6941,3,97,2,0.00604745,90
23.6998,3,98,2,0.0117235,90
23.7054,3,99,2,0.0173795,90
23.7095,10,85,2,0.00605547,90
23.7145,10,86,2,0.0110715,90
23.7232,8,28,1,0.00444747,90
24.1684,2,87,2,0.00414348,90
24.1743,2,88,2,0.0101195,90
24.1834,3,100,2,0.00381548,90
24.1887,3,101,2,0.00915149,90
24.1918,3,102,2,0.0122035,48
24.2,5,67,2,0.0050995,90
24.2063,5,68,2,0.0113955,90
24.216,10,87,2,0.0057315,90
24.2227,10,88,2,0.0123675,90
24.6621,2,89,2,0.00542351,90
24.6687,2,90,2,0.0120395,90
24.6759,5,69,2,0.00381552,90
24.6815,5,70,2,0.00947152,90
24.6925,10,89,2,0.00508753,90
24.6985,10,90,2,0.0110835,90
24.7069,8,29,1,0.00413954,90
25.154,2,91,2,0.00477554,90
25.159,2,92,2,0.00979154,90
25.1687,3,103,2,0.00412755,90
25.175,3,104,2,0.0104436,90
25.18,3,105,2,0.0154596,90
25.2007,5,71,2,0.00541556,90
25.2034,5,72,2,0.00812756,38
25.2167,10,91,2,0.00606357,90
25.2233,10,92,2,0.0126796,90
25.2314,8,30,1,0.00541558,90
25.6439,2,93,2,0.00445158,90
25.6492,2,94,2,0.00980758,90
25.6586,3,106,2,0.00382359,90
25.6646,3,107,2,0.00979959,90
25.669,3,108,2,0.0141756,90
25.6756,10,93,2,0.0054116,90
25.6806,10,94,2,0.0104476,90
26.1357,2,95,2,0.00414361,90
26.1407,2,96,2,0.00915961,90
26.153,3,109,2,0.00605562,90
26.1577,3,110,2,0.0107516,90
26.161,3,111,2,0.0140236,55
26.168,5,73,2,0.00573963,90
26.1747,5,74,2,0.0123556,90
26.1834,10,95,2,0.00573164,90
26.1891,10,96,2,0.0114076,90
26.1972,8,31,1,0.00414364,90
26.626,2,97,2,0.00413965,90
26.6316,2,98,2,0.00979565,90
26.641,5,75,2,0.00381166,90
26.6447,5,76,2,0.00752366,39
26.6564,10,97,2,0.00381967,90
26.663,10,98,2,0.0104357,90
27.1181,2,99,2,0.00413167,90
27.1244,2,100,2,0.0104477,90
27.1341,3,112,2,0.00478368,90
27.1401,3,113,2,0.0107597,90
27.1445,3,114,2,0.0151357,90
27.1501,10,99,2,0.00541169,90
27.1568,10,100,2,0.0120477,90
27.1652,8,32,1,0.0051037,90
27.6112,2,101,2,0.0044597,90
27.6169,2,102,2,0.0101157,90
27.6282,3,115,2,0.00605171,90
27.6329,3,116,2,0.0107677,90
27.6379,3,117,2,0.0157837,90
27.6421,5,77,2,0.00457972,90
27.6471,5,78,2,0.00961573,90
27.6567,10,101,2,0.00381173,90
27.6617,10,102,2,0.00884774,90
27.6743,8,33,1,0.00606374,90
28.104,2,103,2,0.00573974,90
28.1084,2,104,2,0.0101157,90
28.1181,3,118,2,0.00445175,90
28.1225,3,119,2,0.00884776,90
28.1256,3,120,2,0.0119798,51
28.1335,5,79,2,0.00445576,90
28.1398,5,80,2,0.0107518,90
28.1482,10,103,2,0.00380777,90
28.1535,10,104,2,0.00916378,90
28.594,2,105,2,0.00605978,90
28.6003,2,106,2,0.0123558,90
28.6074,5,81,2,0.00413179,90
28.6117,5,82,2,0.00844379,38
28.6237,10,105,2,0.0050998,90
28.6281,10,106,2,0.0094758,90
28.6384,8,34,1,0.0044518,90
29.0852,2,107,2,0.00412781,90
29.0899,2,108,2,0.00884381,90
29.1005,3,121,2,0.00413982,90
29.1065,3,122,2,0.0101158,90
29.1109,3,123,2,0.0145118,90
29.1168,10,107,2,0.00508783,90
29.1215,10,108,2,0.00980383,90
29.1332,8,35,3,0.00605984,90
29.5773,2,109,2,0.00573584,90
29.5817,2,110,2,0.0101118,90
29.592,3,124,2,0.00508785,90
29.598,3,125,2,0.0110839,90
29.6017,3,126,2,0.0147159,57
29.6077,5,83,2,0.00541186,90
29.6131,5,84,2,0.0107679,90
29.6234,10,109,2,0.00574387,90
29.6294,10,110,2,0.0117199,90
30.0688,2,111,0,0.00573588,90
30.0742,2,112,0,0.0110719,90
30.0836,5,85,2,0.00508788,90
30.0886,5,86,2,0.0101239,90
30.098,10,111,2,0.00413989,90
30.103,10,112,2,0.0091559,90
30.1152,8,36,1,0.0060519,90
30.5597,2,113,2,0.0038079,90
30.5663,2,114,2,0.0104439,90
30.577,3,127,2,0.00573991,90
30.5836,3,128,2,0.0123559,90
30.5899,3,129,2,0.0186719,90
30.6068,5,87,2,0.00476792,90
30.6117,5,88,2,0.00975993,39
30.6221,10,113,2,0.00477593,90
30.6284,10,114,2,0.0110719,90
31.0506,2,115,2,0.00444794,90
31.0563,2,116,2,0.0101239,90
31.0676,3,130,2,0.00605995,90
31.0723,3,131,2,0.010756,90
31.0783,3,132,2,0.016752,90
31.0826,10,115,2,0.00572796,90
31.0883,10,116,2,0.011404,90
31.097,8,37,0,0.00477997,90
31.5437,2,117,2,0.00605597,90
31.5494,2,118,2,0.011712,90
31.5588,3,133,2,0.00572798,90
31.5641,3,134,2,0.011084,90
31.5691,3,135,2,0.016096,50
31.5736,10,117,2,0.00523199,90
31.5802,10,118,2,0.011848,90
31.5895,8,38,3,0.005744,90
31.604,11,3,3,0.0049,74
32.0349,2,119,2,0.00541601,90
32.0399,2,120,2,0.010432,90
32.0506,5,89,2,0.00572802,90
32.0566,5,90,2,0.011724,90
32.081,10,119,2,0.00542002,90
32.086,10,120,2,0.010436,90
32.5239,2,121,2,0.00413203,90
32.5292,2,122,2,0.00948804,90
32.5412,3,136,2,0.00606404,90
32.5455,3,137,2,0.01044,90
32.5515,3,138,2,0.016416,90
32.5579,5,91,2,0.00747205,90
32.5628,5,92,2,0.0123841,37
32.5853,10,121,2,0.00414006,90
32.5913,10,122,2,0.0101161,90
32.6023,8,39,1,0.00573207,90
33.016,2,123,2,0.00380807,90
33.0217,2,124,2,0.00948408,90
33.032,3,139,2,0.00446008,90
33.0383,3,140,2,0.0107561,90
33.0443,3,141,2,0.0167521,90
33.0485,10,123,2,0.00554809,90
33.0541,10,124,2,0.0112041,90
33.0631,8,40,1,0.0047801,90
33.5098,2,125,2,0.0047761,90
33.5161,2,126,2,0.0110721,90
33.5264,3,142,3,0.00604811,90
33.5324,3,143,3,0.0120441,90
33.5374,3,144,3,0.0169961,58
33.5415,5,93,2,0.00573212,90
33.5475,5,94,2,0.0117281,90
33.5572,10,125,2,0.00606413,90
33.5635,10,126,2,0.0123601,90
34.0007,2,127,2,0.00509614,90
34.0034,2,128,2,0.00780814,38
34.0154,5,95,2,0.00446415,90
34.0204,5,96,2,0.00948015,90
34.0324,10,127,2,0.00605616,90
34.0374,10,128,2,0.0110722,90
34.0464,8,41,1,0.00476817,90
34.4912,3,145,2,0.00414417,90
34.4959,3,146,2,0.00884017,90
34.501,3,147,2,0.0138562,90
34.5082,5,97,3,0.00573218,90
34.5128,5,98,3,0.0103442,37
34.522,10,129,2,0.00414019,90
34.5273,10,130,2,0.00947619,90
34.5519,9,2,3,0.0033722,66
34.9831,2,129,2,0.0047682,90
34.9891,2,130,2,0.0107642,90
34.9975,3,148,2,0.00382021,90
35.0038,3,149,2,0.0101162,90
35.0074,3,150,2,0.0137682,47
35.0301,10,131,2,0.00574422,90
35.0351,10,132,2,0.0107602,90
35.0442,8,42,1,0.00445623,90
35.4749,2,131,2,0.00477223,90
35.4809,2,132,2,0.0107682,90
35.4896,5,99,2,0.00414424,90
35.494,5,100,2,0.00852024,90
35.5047,10,133,2,0.00381625,90
35.51,10,134,2,0.00915225,90
35.5207,8,43,1,0.00444826,90
35.9668,2,133,2,0.00478426,90
35.9724,2,134,2,0.0104403,90
35.9821,3,151,2,0.00477627,90
35.9884,3,152,2,0.0110723,90
35.9938,3,153,2,0.0164283,90
36.0135,5,101,2,0.00542428,90
36.0179,5,102,2,0.00980028,90
36.0279,10,135,2,0.00445629,90
36.0326,10,136,2,0.00915229,90
36.4573,2,135,2,0.0044483,90
36.4623,2,136,2,0.0094843,90
36.4724,3,154,2,0.0041403,90
36.4787,3,155,2,0.0104363,90
36.485,3,156,2,0.0167523,90
36.4893,5,103,2,0.00572832,90
36.4939,5,104,2,0.0103003,36
36.5034,10,137,2,0.00445632,90
36.5081,10,138,2,0.00912833,39
36.5181,8,44,0,0.00382433,90
36.9498,2,137,2,0.00478034,90
36.9564,2,138,2,0.0113963,90
36.9648,3,157,2,0.00445234,90
36.9702,3,158,2,0.00980835,90
36.9738,3,159,2,0.0133804,45
36.9802,8,45,1,0.00445636,90
37.4394,2,139,2,0.00381236,90
37.4451,2,140,2,0.00948836,90
37.4548,5,105,2,0.00382437,90
37.4598,5,106,2,0.00884037,90
37.4711,10,139,2,0.00477638,90
37.4755,10,140,2,0.00915238,90
37.9341,2,141,2,0.00604838,90
37.9395,2,142,2,0.0114044,90
37.9479,3,160,2,0.00446039,90
37.9542,3,161,2,0.0107564,90
37.9602,3,162,2,0.0167524,90
37.965,5,107,2,0.0061884,90
37.9684,5,108,2,0.00958041,39
37.978,10,141,2,0.00381641,90
37.9843,10,142,2,0.0101124,90
37.9956,8,46,1,0.00604842,90
38.4224,2,143,2,0.00382442,90
38.4281,2,144,2,0.00948043,90
38.4378,3,163,2,0.00381643,90
38.4435,3,164,2,0.00947244,90
38.4491,3,165,2,0.0151484,90
38.4544,10,143,2,0.00510445,90
38.4588,10,144,2,0.00948045,90
38.4685,8,47,0,0.00381645,90
38.9159,2,145,2,0.00541246,90
38.9222,2,146,2,0.0117285,90
38.9309,3,166,2,0.00510446,90
38.9359,3,167,2,0.0101205,90
38.9406,3,168,2,0.0147525,48
38.9469,5,109,2,0.00572848,90
38.9513,5,110,2,0.0101245,90
38.9607,10,145,2,0.00414049,90
38.967,10,146,2,0.0104365,90
39.4084,2,147,2,0.00573249,90
39.4144,2,148,2,0.0117285,90
39.4224,5,111,0,0.0044645,90
39.4275,5,112,0,0.0094805,90
39.4384,10,147,3,0.00509651,90
39.4447,10,148,3,0.0113925,90
39.4544,8,48,1,0.00572852,90
39.4673,11,4,3,0.00326452,73
39.8996,2,149,2,0.00606052,90
39.9059,2,150,2,0.0123565,90
39.9127,3,169,2,0.00381253,90
39.9171,3,170,2,0.00820854,90
39.9221,3,171,2,0.0132245,90
39.93,5,113,2,0.00574054,90
39.9326,5,114,2,0.00839255,36
39.9434,10,149,2,0.00380855,90
39.9487,10,150,2,0.00916456,90
40.3911,2,151,2,0.00606056,90
40.3964,2,152,2,0.0113966,90
40.4045,3,172,2,0.00413257,90
40.4089,3,173,2,0.00852857,90
40.4142,3,174,2,0.0138646,90
40.4215,10,151,2,0.00574058,90
40.4281,10,152,2,0.0123566,90
40.4368,8,49,1,0.00573259,90
40.8832,2,153,2,0.00604859,90
40.8889,2,154,2,0.0117246,90
40.8964,3,175,2,0.0038206,90
40.9023,3,176,2,0.0097966,90
40.9067,3,177,2,0.0141486,39
40.914,5,115,2,0.00606461,90
40.9183,5,116,2,0.0104406,90
40.9287,10,153,2,0.00541662,90
40.9331,10,154,2,0.00979263,90
40.9424,8,50,1,0.00380863,90
41.3735,2,155,2,0.00414463,90
41.3801,2,156,2,0.0107606,90
41.3908,5,117,2,0.00605664,90
41.3955,5,118,2,0.0107526,90
41.4061,10,155,2,0.00604865,90
41.4111,10,156,2,0.0110847,90
41.864,2,157,2,0.00542066,90
41.8691,2,158,2,0.0104367,90
41.8794,3,178,2,0.00541266,90
41.886,3,179,2,0.0120487,90
41.8917,3,180,2,0.0177047,90
41.8955,5,119,2,0.00618068,90
41.9005,5,120,2,0.0111327,38
41.9098,10,157,2,0.00508869,90
41.9161,10,158,2,0.0114047,90
41.9252,8,51,1,0.00510069,90
42.3549,2,159,2,0.0041367,90
42.3615,2,160,2,0.0107527,90
42.3709,3,181,2,0.0047687,90
42.3775,3,182,2,0.0114047,90
42.3829,3,183,2,0.0167967,52
42.3909,10,159,2,0.00939272,90
42.3956,10,160,2,0.0140887,90
42.4026,8,52,3,0.00574472,90
42.8468,2,161,2,0.00414073,90
42.8521,2,162,2,0.00947673,90
42.8634,5,121,2,0.00541274,90
42.8697,5,122,2,0.0117287,90
42.8775,10,161,2,0.00414474,90
42.8822,10,162,2,0.00884075,90
43.3373,2,163,2,0.00413675,90
43.3427,2,164,2,0.00947276,90
43.354,3,184,2,0.00540876,90
43.3603,3,185,2,0.0117248,90
43.3659,3,186,2,0.0173808,90
43.3831,5,123,2,0.00381677,90
43.3897,5,124,2,0.0104328,90
43.3991,10,163,2,0.00444878,90
43.4041,10,164,2,0.00948479,90
43.4151,8,53,1,0.00510079,90
43.8304,2,165,0,0.00445679,90
43.8348,2,166,0,0.0088328,90
43.8452,3,187,2,0.0038088,90
43.8499,3,188,2,0.0085248,90
43.8555,3,189,2,0.0141808,90
43.8628,5,125,0,0.00605681,90
43.8674,5,126,0,0.0106688,37
43.8775,10,165,2,0.00542482,90
43.8825,10,166,2,0.0104408,90
44.321,2,167,0,0.00445683,90
44.3254,2,168,0,0.00883283,90
44.337,3,190,2,0.00508884,90
44.3427,3,191,2,0.0107648,90
44.3459,3,192,2,0.0140168,55
44.3533,10,167,2,0.00605285,90
44.36,10,168,2,0.0126889,90
44.368,8,54,1,0.00542486,90
44.3833,11,5,3,0.00528086,76
44.8125,2,169,2,0.00413686,90
44.8185,2,170,2,0.0101129,90
44.8276,5,127,0,0.00380887,90
44.8329,5,128,0,0.00916488,90
44.8442,10,169,2,0.00510088,90
44.8486,10,170,2,0.00947688,90
44.8599,8,55,1,0.00541289,90
45.305,2,171,2,0.00476889,90
45.3103,2,172,2,0.0101249,90
45.3204,3,193,2,0.0047809,90
45.3257,3,194,2,0.0101169,90
45.3311,3,195,2,0.0154729,90
45.3364,5,129,2,0.00540891,90
45.3417,5,130,2,0.0107649,90
45.3501,10,171,2,0.00382092,90
45.3555,10,172,2,0.00915692,90
45.7965,2,173,2,0.00413293,90
45.8012,2,174,2,0.00884893,90
45.8135,3,196,2,0.00574494,90
45.8185,3,197,2,0.0107609,90
45.8238,3,198,2,0.0160969,90
45.8279,5,131,2,0.00477295,90
45.8329,5,132,2,0.00976495,39
45.8445,10,173,2,0.00606096,90
45.8495,10,174,2,0.011077,90
45.8589,8,56,3,0.00509297,90
46.288,2,175,2,0.00476897,90
46.2937,2,176,2,0.010445,90
46.3044,3,199,2,0.00574098,90
46.3097,3,200,2,0.011077,90
46.3144,3,201,2,0.015749,49
46.3194,10,175,2,0.00542499,90
46.3251,10,176,2,0.011081,90
46.3348,8,57,1,0.005417,90
46.7815,2,177,2,0.005413,90
46.7878,2,178,2,0.011729,90
46.7959,5,133,2,0.00446501,90
46.8012,5,134,2,0.00980101,90
46.8106,10,177,2,0.00381702,90
46.8156,10,178,2,0.00883302,90
47.273,2,179,2,0.00604902,90
47.2777,2,180,2,0.010765,90
47.2864,3,202,2,0.00414103,90
47.2915,3,203,2,0.00915704,90
47.2975,3,204,2,0.015153,90
47.3021,5,135,2,0.00444904,90
47.3087,5,136,2,0.011085,90
47.3178,10,179,2,0.00478105,90
47.3228,10,180,2,0.00979706,90
47.3328,8,58,3,0.00445306,90
47.7636,2,181,2,0.00508906,90
47.7683,2,182,2,0.00980507,90
47.7776,3,205,2,0.00382107,90
47.783,3,206,2,0.00915708,90
47.7878,3,207,2,0.0139291,42
47.809,5,137,2,0.00446508,90
47.8117,5,138,2,0.00711709,36
47.825,10,181,2,0.00509309,90
47.8316,10,182,2,0.0117291,90
47.8407,8,59,3,0.0054251,90
47.8539,9,3,3,0.0032811,73
48.2544,2,183,2,0.00541711,90
48.2575,2,184,2,0.00842911,37
48.2685,10,183,2,0.00414512,90
48.2748,10,184,2,0.0104411,90
48.7472,3,208,2,0.00541712,90
48.7519,3,209,2,0.0101131,90
48.7586,3,210,2,0.0167491,90
48.7643,5,139,0,0.00714514,90
48.7693,5,140,0,0.0121611,90
48.7776,10,185,2,0.00509715,90
48.7827,10,186,2,0.0101131,90
48.7927,8,60,1,0.00476915,90
49.2388,2,185,2,0.00606516,90
49.2438,2,186,2,0.0110812,90
49.2522,3,211,2,0.00413716,90
49.2575,3,212,2,0.00947317,90
49.2635,3,213,2,0.0154692,90
49.2677,5,141,3,0.00426518,90
49.2719,5,142,3,0.00847718,35
49.2839,10,187,2,0.00509318,90
49.2899,10,188,2,0.0110892,90
49.729,2,187,2,0.00414519,90
49.7337,2,188,2,0.0088412,90
49.744,3,214,2,0.0038172,90
49.7494,3,215,2,0.0091532,90
49.7526,3,216,2,0.0123852,44
49.76,10,189,2,0.00446121,90
49.7644,10,190,2,0.00883722,90
49.7754,8,61,1,0.00445322,90
50.2205,2,189,2,0.00572922,90
50.2271,2,190,2,0.0123652,90
50.2359,5,143,2,0.00574123,90
50.2412,5,144,2,0.0110772,90
50.2503,10,191,2,0.00477324,90
50.2539,10,192,2,0.00844524,38
50.2653,8,62,1,0.00446125,90
50.7114,2,191,2,0.00541725,90
50.7174,2,192,2,0.0113933,90
50.7258,3,217,2,0.00444926,90
50.7305,3,218,2,0.00916526,90
50.7355,3,219,2,0.0141813,90
50.7424,5,145,2,0.00573727,90
50.7487,5,146,2,0.0120333,90
51.2045,2,193,2,0.00476928,90
51.2108,2,194,2,0.0110853,90
51.2189,3,220,2,0.00382129,90
51.2252,3,221,2,0.0101173,90
51.2309,3,222,2,0.0157933,90
51.2519,5,147,2,0.0060493,90
51.2546,5,148,2,0.0087813,38
51.2653,10,193,2,0.00413731,90
51.2697,10,194,2,0.00851331,90
51.2816,8,63,1,0.00508932,90
51.6948,2,195,2,0.00446532,90
51.6998,2,196,2,0.00948132,90
51.7098,3,223,2,0.00413733,90
51.7161,3,224,2,0.0104333,90
51.7196,3,225,2,0.0139253,52
51.7258,10,195,2,0.00478134,90
51.7291,10,196,2,0.00803334,35
51.7562,8,64,1,0.00444935,90
51.7724,11,6,3,0.00532535,67
52.185,2,197,2,0.00414136,90
52.1913,2,198,2,0.0104374,90
52.2023,5,149,2,0.00605336,90
52.2073,5,150,2,0.0110894,90
52.6794,2,199,0,0.00510537,90
52.6841,2,200,0,0.00980138,90
52.6951,3,226,2,0.00541738,90
52.7007,3,227,2,0.0110734,90
52.7051,3,228,2,0.0154694,90
52.7095,5,151,2,0.00446539,90
52.7161,5,152,2,0.0110814,90
52.7261,10,197,2,0.0057374,90
52.7311,10,198,2,0.0107534,90
52.7405,8,65,0,0.00476941,90
53.1693,2,201,2,0.00574541,90
53.1756,2,202,2,0.0120414,90
53.1837,3,229,2,0.00477742,90
53.1881,3,230,2,0.00915342,90
53.1929,3,231,2,0.0139854,54
53.2135,5,153,2,0.00382143,90
53.2161,5,154,2,0.00647344,36
53.2301,10,199,2,0.00508944,90
53.2367,10,200,2,0.0117254,90
53.6621,2,203,2,0.00574145,90
53.6671,2,204,2,0.0107575,90
53.6778,10,201,2,0.00605346,90
53.6828,10,202,2,0.0110895,90
53.6925,8,66,1,0.00542547,90
54.1536,2,205,2,0.00510147,90
54.1599,2,206,2,0.0113975,90
54.1693,3,232,2,0.00541348,90
54.1753,3,233,2,0.0114095,90
54.1819,3,234,2,0.0180255,90
54.2,5,155,0,0.00542149,90
54.2047,5,156,0,0.0101175,90
54.216,10,203,2,0.0060535,90
54.2208,10,204,2,0.0107695,90
54.2308,8,67,1,0.0054255,90
54.6442,2,207,2,0.00510151,90
54.6489,2,208,2,0.00979751,90
54.6602,3,235,2,0.00573352,90
54.6652,3,236,2,0.0107695,90
54.6715,3,237,2,0.0170655,90
54.68,5,157,2,0.0101615,90
54.685,5,158,2,0.0151775,90
54.6903,10,205,2,0.00509354,90
54.6956,10,206,2,0.0104495,90
55.136,2,209,2,0.00606554,90
55.1411,2,210,2,0.0110815,90
55.1514,3,238,2,0.00605755,90
55.158,3,239,2,0.0126736,90
55.1636,3,240,2,0.0182456,57
55.1696,5,159,2,0.00888156,90
55.1726,5,160,2,0.0119336,39
55.1812,10,207,2,0.00508957,90
55.1875,10,208,2,0.0114056,90
55.1965,8,68,3,0.00510158,90
55.6276,2,211,2,0.00605758,90
55.6326,2,212,2,0.0110736,90
55.6426,10,209,2,0.00572959,90
55.6473,10,210,2,0.0104456,90
55.658,8,69,1,0.0057416,90
56.121,2,213,2,0.0060576,90
56.1267,2,214,2,0.0117136,90
56.1351,3,241,2,0.00476961,90
56.1398,3,242,2,0.00948562,90
56.1458,3,243,2,0.0154616,90
56.1514,5,161,2,0.00573762,90
56.158,5,162,2,0.0123536,90
56.1664,10,211,2,0.00540963,90
56.1731,10,212,2,0.0120456,90
56.6106,2,215,2,0.00446164,90
56.6172,2,216,2,0.0110776,90
56.6276,3,244,2,0.00605365,90
56.6339,3,245,2,0.0123697,90
56.6389,3,246,2,0.0173857,90
56.6576,5,163,2,0.00542166,90
56.6639,5,164,2,0.0117177,90
56.6724,10,213,2,0.00477367,90
56.6784,10,214,2,0.0107697,90
56.6874,8,70,0,0.00446568,90
57.1015,2,217,0,0.00446168,90
57.1062,2,218,0,0.00915768,90
57.1162,3,247,3,0.00381369,90
57.1206,3,248,3,0.00820969,90
57.1236,3,249,3,0.0112417,48
57.1322,5,165,2,0.0044577,90
57.1349,5,166,2,0.0071097,36
57.1476,10,215,2,0.00446571,90
57.1519,10,216,2,0.00884171,90
57.5924,2,219,2,0.00445772,90
57.5983,2,220,2,0.0104337,90
57.6093,10,217,2,0.00604973,90
57.6153,10,218,2,0.0120457,90
57.624,8,71,1,0.00542173,90
58.0855,2,221,2,0.00477774,90
58.0902,2,222,2,0.00947374,90
58.0999,3,250,2,0.00380974,90
58.1059,3,251,2,0.00980575,90
58.1112,3,252,2,0.0151418,90
58.1165,5,167,2,0.00509776,90
58.1222,5,168,2,0.0107538,90
58.1319,10,219,2,0.00508977,90
58.1372,10,220,2,0.0104458,90
58.1466,8,72,1,0.00446177,90
58.5757,2,223,2,0.00445778,90
58.5811,2,224,2,0.00979378,90
58.5911,3,253,2,0.00444978,90
58.5971,3,254,2,0.0104458,90
58.6023,3,255,2,0.0156578,46
58.6085,5,169,2,0.0065138,90
58.6124,5,170,2,0.0104658,37
58.6231,10,221,2,0.0057418,90
58.6275,10,222,2,0.0101178,90
59.0676,2,225,2,0.00573381,90
59.072,2,226,2,0.0101298,90
59.0823,10,223,2,0.00510582,90
59.0873,10,224,2,0.0101218,90
59.0973,8,73,1,0.00477783,90
59.5581,2,227,2,0.00413383,90
59.5644,2,228,2,0.0104498,90
59.5744,3,256,2,0.00510584,90
59.5801,3,257,2,0.0107618,90
59.5848,3,258,2,0.0154578,90
59.6058,5,171,2,0.00573385,90
59.6105,5,172,2,0.0104499,90
59.6192,10,225,2,0.00382586,90
59.6249,10,226,2,0.00948186,90
59.6346,8,74,1,0.00381787,90
60.0496,2,229,2,0.00381387,90
60.056,2,230,2,0.0101299,90
60.066,3,259,2,0.00478588,90
60.0707,3,260,2,0.00948188,90
60.0754,3,261,2,0.0141779,90
60.0823,5,173,2,0.00573389,90
60.087,5,174,2,0.0104499,90
60.0957,10,227,2,0.0038259,90
60.1011,10,228,2,0.0091619,90
60.5437,2,231,2,0.00509791,90
60.55,2,232,2,0.0113939,90
60.5584,3,262,2,0.00444992,90
60.5651,3,263,2,0.0110859,90
60.5703,3,264,2,0.0162979,46
60.5748,5,175,2,0.00541393,90
60.5775,5,176,2,0.00816593,39
60.5904,10,229,2,0.00574194,90
60.5958,10,230,2,0.0110779,90
60.6052,8,75,1,0.00509394,90
60.6189,9,4,3,0.00348995,70
61.033,2,233,2,0.00382595,90
61.038,2,234,2,0.00884196,90
61.049,10,231,2,0.00445796,90
61.0543,10,232,2,0.00979397,90
61.5258,2,235,2,0.00412997,90
61.5324,2,236,2,0.010766,90
61.5421,3,265,2,0.00510198,90
61.5478,3,266,2,0.010758,90
61.5535,3,267,2,0.016434,90
61.5722,5,177,2,0.00444999,90
61.5782,5,178,2,0.010446,90
61.5876,10,233,2,0.004462,90
61.5935,10,234,2,0.010438,90
61.6032,8,76,1,0.004774,90
62.0164,2,237,2,0.00477001,90
62.0217,2,238,2,0.010126,90
62.032,3,268,2,0.00510202,90
62.0383,3,269,2,0.011398,90
62.0446,3,270,2,0.017694,90
62.0488,5,179,0,0.00651003,90
62.0542,5,180,0,0.011846,90
62.0621,10,235,2,0.00446204,90
62.0681,10,236,2,0.010438,90
62.0775,8,77,1,0.00445405,90
62.5098,2,239,2,0.00509005,90
62.5145,2,240,2,0.00980605,90
62.5245,3,271,2,0.00446206,90
62.5311,3,272,2,0.0110781,90
62.5346,3,273,2,0.0145301,41
62.5412,5,181,2,0.00572607,90
62.546,5,182,2,0.0105981,35
62.5556,10,237,2,0.00477408,90
62.5599,10,238,2,0.00915008,90
62.9984,2,241,2,0.00380608,90
63.0014,2,242,2,0.00681809,37
63.0154,10,239,2,0.00541409,90
63.022,10,240,2,0.0120301,90
63.0308,8,78,1,0.0054061,90
63.4916,3,274,2,0.0060621,90
63.4972,3,275,2,0.0117181,90
63.5035,3,276,2,0.0180141,90
63.508,5,183,2,0.00715012,90
63.5137,5,184,2,0.0128061,90
63.521,10,241,2,0.00478213,90
63.5254,10,242,2,0.00915813,90
63.5376,8,79,1,0.00605413,90
63.984,2,243,2,0.00541014,90
63.99,2,244,2,0.0114061,90
63.9997,3,277,2,0.00574214,90
64.0047,3,278,2,0.0107581,90
64.0094,3,279,2,0.0154502,50
64.0141,5,185,2,0.00476616,90
64.0198,5,186,2,0.0104422,90
64.0295,10,243,2,0.00477816,90
64.0355,10,244,2,0.0107542,90
64.4759,2,245,2,0.00541017,90
64.4825,2,246,2,0.0120462,90
64.4916,5,187,2,0.00574218,90
64.4946,5,188,2,0.00873418,37
64.5063,10,245,2,0.00509019,90
64.5129,10,246,2,0.0117262,90
64.521,8,80,1,0.0044622,90
64.9652,2,247,2,0.0044582,90
64.9695,2,248,2,0.0088342,90
64.9805,3,280,2,0.00445021,90
64.9856,3,281,2,0.00948621,90
64.9918,3,282,2,0.0157822,90
65.0109,10,247,2,0.00413822,90
65.0169,10,248,2,0.0101142,90
65.0276,8,81,1,0.00541023,90
65.4564,2,249,2,0.00412623,90
65.4614,2,250,2,0.00916224,90
65.4727,3,283,2,0.00509824,90
65.479,3,284,2,0.0113942,90
65.4834,3,285,2,0.0157902,90
65.4884,5,189,2,0.00540625,90
65.4947,5,190,2,0.0117223,90
65.5031,10,249,2,0.00477826,90
65.5068,10,250,2,0.00845027,38
65.9492,2,251,2,0.00604627,90
65.9548,2,252,2,0.0117223,90
65.9632,3,286,2,0.00477828,90
65.9699,3,287,2,0.0113943,90
65.9753,3,288,2,0.0168263,53
65.9796,5,191,2,0.00574229,90
65.9862,5,192,2,0.0123583,90
65.9952,8,82,1,0.0060543,90
66.4394,2,253,2,0.0038103,90
66.4454,2,254,2,0.0098063,90
66.4564,5,193,3,0.00542231,90
66.4607,5,194,3,0.00975431,39
66.4704,10,251,2,0.00413032,90
66.4764,10,252,2,0.0101263,90
66.5004,11,7,3,0.00342232,78
66.9319,2,255,0,0.00477833,90
66.9366,2,256,0,0.00947433,90
66.9485,3,289,2,0.00605034,90
66.9539,3,290,2,0.0114063,90
66.9598,3,291,2,0.0173823,90
66.9783,10,253,2,0.00509835,90
66.9833,10,254,2,0.0101144,90
66.9936,8,83,1,0.00509036,90
67.4253,2,257,0,0.00540636,90
67.431,2,258,0,0.0110824,90
67.4397,3,292,2,0.00445837,90
67.4447,3,293,2,0.00947437,90
67.4507,3,294,2,0.0154704,90
67.4548,5,195,0,0.00412638,90
67.4601,5,196,0,0.00948238,90
67.4701,10,255,2,0.00413839,90
67.4758,10,256,2,0.00979439,90
67.4858,8,84,1,0.0044504,90
67.9168,2,259,2,0.0054064,90
67.9212,2,260,2,0.0098024,90
67.9328,3,295,2,0.00605841,90
67.9382,3,296,2,0.0113944,90
67.9436,3,297,2,0.0167664,51
67.9479,5,197,2,0.00574242,90
67.9545,5,198,2,0.0123584,90
67.9629,10,257,2,0.00541443,90
67.9679,10,258,2,0.0104304,90
68.4071,2,261,0,0.00444644,90
68.4124,2,262,0,0.00980244,90
68.4234,5,199,2,0.00541844,90
68.428,5,200,2,0.0100104,37
68.4384,10,259,2,0.00508645,90
68.4438,10,260,2,0.0104425,90
68.4528,8,85,1,0.00413846,90
68.9005,2,263,0,0.00605446,90
68.9071,2,264,0,0.0126705,90
68.9156,3,298,2,0.00572647,90
68.9199,3,299,2,0.0101225,90
68.9253,3,300,2,0.0154585,90
68.9293,10,261,2,0.00413448,90
68.9337,10,262,2,0.00851049,90
68.946,8,86,1,0.00540649,90
69.3885,2,265,0,0.0044625,90
69.3942,2,266,0,0.0101185,90
69.4039,3,301,2,0.0044545,90
69.4102,3,302,2,0.0107505,90
69.4142,3,303,2,0.0147825,49
69.4189,5,201,2,0.00413852,90
69.4243,5,202,2,0.00947452,90
69.4349,10,263,2,0.00477052,90
69.4412,10,264,2,0.0110865,90
69.881,2,267,2,0.00574253,90
69.887,2,268,2,0.0117185,90
69.8951,5,203,2,0.00445454,90
69.8978,5,204,2,0.00720654,39
69.9114,10,265,2,0.00542255,90
69.9171,10,266,2,0.0110786,90
69.9271,8,87,1,0.00573456,90
69.9409,4,1,0,0.00416656,31
70.3728,2,269,2,0.00606256,90
70.3795,2,270,2,0.0126786,90
70.3866,3,304,2,0.00445457,90
70.3919,3,305,2,0.00979058,90
70.3986,3,306,2,0.0164266,90
70.4189,10,267,2,0.00606258,90
70.4243,10,268,2,0.0113986,90
70.433,8,88,1,0.00477459,90
70.8656,2,271,2,0.0050906,90
70.87,2,272,2,0.0094866,90
70.8816,3,307,2,0.0057426,90
70.8876,3,308,2,0.0117186,90
70.892,3,309,2,0.0160946,90
70.9114,5,205,2,0.00477062,90
70.9177,5,206,2,0.0110866,90
70.9268,10,269,2,0.00478263,90
70.9321,10,270,2,0.0101186,90
71.3572,2,273,2,0.00573463,90
71.3635,2,274,2,0.0120306,90
71.3712,3,310,2,0.00444664,90
71.3766,3,311,2,0.00980264,90
71.3818,3,312,2,0.0149746,45
71.3879,5,207,2,0.00573065,90
71.3929,5,208,2,0.0107667,90
71.4026,10,271,2,0.00510266,90
71.4089,10,272,2,0.0113987,90
71.418,8,89,1,0.00509467,90
71.8477,2,275,2,0.00477067,90
71.8534,2,276,2,0.0104467,90
71.8631,5,209,2,0.00478268,90
71.8657,5,210,2,0.00739468,35
71.8784,10,273,2,0.00477069,90
71.8851,10,274,2,0.0114067,90
72.3383,2,277,2,0.0051027,90
72.3439,2,278,2,0.0107587,90
72.3546,3,313,2,0.0060547,90
72.3609,3,314,2,0.0123507,90
72.3653,3,315,2,0.0167467,90
72.3831,10,275,2,0.00382272,90
72.3878,10,276,2,0.00851872,90
72.3988,8,90,1,0.00413473,90
72.8288,2,279,2,0.00445073,90
72.8345,2,280,2,0.0101267,90
72.8448,3,316,2,0.00510274,90
72.8495,3,317,2,0.00979874,90
72.8558,3,318,2,0.0160947,90
72.8597,5,211,2,0.00459075,90
72.8641,5,212,2,0.00896675,90
72.8759,10,277,2,0.00542276,90
72.8812,10,278,2,0.0107588,90
72.8896,8,91,1,0.00381477,90
73.3207,2,281,2,0.00381077,90
73.327,2,282,2,0.0101268,90
73.336,3,319,2,0.00382278,90
73.3427,3,320,2,0.0104388,90
73.347,3,321,2,0.0147308,37
73.353,5,213,2,0.00540679,90
73.3577,5,214,2,0.0101228,90
73.369,10,279,2,0.0060588,90
73.3747,10,280,2,0.0117148,90
73.8132,2,283,2,0.0057308,90
73.8188,2,284,2,0.0114068,90
73.8269,5,215,2,0.00414281,90
73.8299,5,216,2,0.00707482,35
73.8439,10,281,2,0.00573082,90
73.8489,10,282,2,0.0107668,90
73.8583,8,92,3,0.00478283,90
74.3047,2,285,2,0.00477883,90
74.3094,2,286,2,0.00947484,90
74.3204,3,322,2,0.00509084,90
74.3251,3,323,2,0.00980684,90
74.3298,3,324,2,0.0145028,90
74.3354,10,283,2,0.00477885,90
74.3404,10,284,2,0.00979486,90
74.3508,8,93,1,0.00477086,90
74.7962,2,287,0,0.00476686,90
74.8022,2,288,0,0.0107629,90
74.8106,3,325,2,0.00381887,90
74.8156,3,326,2,0.00883488,90
74.821,3,327,2,0.0141909,90
74.8263,5,217,2,0.00412688,90
74.8323,5,218,2,0.0101229,90
74.8413,10,285,2,0.00381889,90
74.8457,10,286,2,0.0081949,90
75.288,2,289,2,0.0050909,90
75.2947,2,290,2,0.0117269,90
75.3021,3,328,2,0.00382291,90
75.3068,3,329,2,0.00851891,90
75.311,3,330,2,0.0127309,45
75.3181,5,219,2,0.00444692,90
75.3235,5,220,2,0.00980292,90
75.3335,10,287,2,0.00445893,90
75.3395,10,288,2,0.0104349,90
75.3504,8,94,1,0.00605094,90
75.7808,2,291,2,0.00540694,90
75.7855,2,292,2,0.0101229,90
75.7959,5,221,2,0.00509895,90
75.7998,5,222,2,0.00899095,35
75.8112,10,289,2,0.00508696,90
75.8169,10,290,2,0.010763,90
76.2711,2,293,2,0.00573896,90
76.2758,2,294,2,0.010435,90
76.2868,3,331,2,0.00605097,90
76.2931,3,332,2,0.012367,90
76.2984,3,333,2,0.017703,90
76.3032,10,291,2,0.00713898,90
76.3079,10,292,2,0.011855,90
76.3168,8,95,1,0.00541099,90
76.7626,2,295,2,0.004767,90
76.7692,2,296,2,0.011403,90
76.778,3,334,2,0.004779,90
76.7827,3,335,2,0.00947501,90
76.7867,3,336,2,0.013547,50
76.81,5,223,2,0.00606302,90
76.815,5,224,2,0.011079,90
76.8244,10,293,2,0.00509503,90
76.8291,10,294,2,0.00979103,90
76.8404,8,96,1,0.00572703,90
77.2551,2,297,2,0.00542304,90
77.26,2,298,2,0.010315,36
77.2701,5,225,2,0.00509104,90
77.2745,5,226,2,0.00948705,90
77.2864,10,295,2,0.00606305,90
77.2931,10,296,2,0.0126791,90
77.7453,3,337,2,0.00509506,90
77.7507,3,338,2,0.0104311,90
77.7557,3,339,2,0.0154671,90
77.777,5,227,2,0.00606307,90
77.7816,5,228,2,0.0106551,37
77.7901,10,297,2,0.00381108,90
77.7945,10,298,2,0.00820708,90
77.8074,8,97,0,0.00574309,90
77.821,11,8,3,0.00393909,64
78.2359,2,299,2,0.0041351,90
78.2412,2,300,2,0.0094711,90
78.2509,3,340,2,0.0038071,90
78.2563,3,341,2,0.00916311,90
78.261,3,342,2,0.0138591,90
78.2679,10,299,2,0.00541512,90
78.2726,10,300,2,0.0101111,90
78.2826,8,98,1,0.00476713,90
78.7284,2,301,0,0.00414313,90
78.734,2,302,0,0.00979913,90
78.76,3,343,2,0.00509514,90
78.7663,3,344,2,0.0113911,90
78.7707,3,345,2,0.0158031,51
78.7751,5,229,2,0.00477915,90
78.7795,5,230,2,0.00915515,90
78.7914,10,301,2,0.00573116,90
78.7974,10,302,2,0.0117272,90
78.8196,9,5,3,0.00326316,73
79.2221,2,303,3,0.00573917,90
79.2265,2,304,3,0.0101152,90
79.2359,5,231,2,0.00413118,90
79.2399,5,232,2,0.00812318,38
79.2509,10,303,2,0.00381918,90
79.2551,10,304,2,0.00803119,35
79.2663,8,99,1,0.00380719,90
79.7098,2,305,0,0.0038232,90
79.7148,2,306,0,0.0088392,90
79.7274,3,346,2,0.0060552,90
79.734,3,347,2,0.0126712,90
79.7403,3,348,2,0.0189872,90
80.2039,2,307,2,0.00446322,90
80.2095,2,308,2,0.0101192,90
80.2199,3,349,2,0.00509522,90
80.2259,3,350,2,0.0110712,90
80.2315,3,351,2,0.0167472,90
80.25,5,233,2,0.00446324,90
80.2563,5,234,2,0.0107592,90
80.266,10,305,2,0.00509524,90
80.2726,10,306,2,0.0117112,90
80.281,8,100,1,0.00476725,90
80.6932,2,309,2,0.00382326,90
80.6995,2,310,2,0.0101193,90
80.7085,3,352,2,0.00381526,90
80.7132,3,353,2,0.00851127,90
80.718,3,354,2,0.0133233,53
80.7261,5,235,2,0.00605928,90
80.7308,5,236,2,0.0107553,90
80.7412,10,307,2,0.00573128,90
80.7438,10,308,2,0.00842329,37
80.7716,8,101,1,0.00541929,90
81.1844,2,311,2,0.0041353,90
81.1903,2,312,2,0.0101113,90
81.2013,5,237,2,0.0057273,90
81.2053,5,238,2,0.00973931,38
81.68,2,313,2,0.00605531,90
81.6863,2,314,2,0.0123513,90
81.6944,3,355,2,0.00508732,90
81.6998,3,356,2,0.0104433,90
81.7054,3,357,2,0.0160993,90
81.7095,10,309,2,0.00477533,90
81.7158,10,310,2,0.0110713,90
81.7239,8,102,1,0.00380734,90
82.1684,2,315,2,0.00382334,90
82.1727,2,316,2,0.00819935,90
82.1856,3,358,2,0.00573535,90
82.1923,3,359,2,0.0123514,90
82.1969,3,360,2,0.0169634,37
82.2013,5,239,2,0.00605936,90
82.2057,5,240,2,0.0104354,90
82.216,10,311,2,0.00541137,90
82.2211,10,312,2,0.0104474,90
82.2452,8,103,1,0.00382338,90
82.6615,2,317,2,0.00477938,90
82.6671,2,318,2,0.0104354,90
82.6775,5,241,2,0.00541139,90
82.6819,5,242,2,0.0098074,90
82.6919,10,313,2,0.0044634,90
82.6982,10,314,2,0.0107594,90
83.154,2,319,2,0.00541541,90
83.159,2,320,2,0.0104314,90
83.1687,3,361,2,0.00476742,90
83.1737,3,362,2,0.00980342,90
83.1781,3,363,2,0.0141794,90
83.2007,5,243,2,0.00605543,90
83.2049,5,244,2,0.0102674,35
83.2154,10,315,2,0.00542344,90
83.2214,10,316,2,0.0113994,90
83.2308,8,104,1,0.00541544,90
83.6442,2,321,0,0.00413145,90
83.6486,2,322,0,0.00852745,90
83.6608,3,364,2,0.00542346,90
83.6671,3,365,2,0.0117195,90
83.6718,3,366,2,0.0164155,90
83.6762,10,317,2,0.00541147,90
83.6825,10,318,2,0.0117275,90
83.6919,8,105,1,0.00574348,90
84.137,2,323,2,0.00573948,90
84.1423,2,324,2,0.0110755,90
84.1524,3,367,2,0.00573149,90
84.1574,3,368,2,0.0107675,90
84.1607,3,369,2,0.0140795,47
84.1677,5,245,2,0.0057355,90
84.1721,5,246,2,0.0101115,90
84.1818,10,319,2,0.00444751,90
84.1881,10,320,2,0.0107635,90
84.6279,2,325,2,0.00509952,90
84.6323,2,326,2,0.00947552,90
84.6436,5,247,2,0.00541152,90
84.6499,5,248,2,0.0117275,90
84.6586,10,321,2,0.00510353,90
84.6633,10,322,2,0.00979954,90
84.6749,8,106,1,0.00605554,90
85.1175,2,327,0,0.00413154,90
85.1238,2,328,0,0.0104475,90
85.1335,3,370,2,0.00478355,90
85.1401,3,371,2,0.0113996,90
85.1448,3,372,2,0.0160956,90
85.1496,5,249,2,0.00555156,90
85.1542,5,250,2,0.0101436,37
85.1636,10,323,2,0.00413957,90
85.1699,10,324,2,0.0104356,90
85.6112,2,329,2,0.00509158,90
85.6163,2,330,2,0.0101276,90
85.6269,3,373,2,0.00542359,90
85.6313,3,374,2,0.00979959,90
85.6357,3,375,2,0.0141756,90
85.642,10,325,2,0.0050916,90
85.648,10,326,2,0.0110876,90
85.658,8,107,1,0.00574361,90
86.1021,2,331,0,0.00477961,90
86.1087,2,332,0,0.0113956,90
86.1168,3,376,2,0.00413162,90
86.1222,3,377,2,0.00948762,90
86.1268,3,378,2,0.0140796,47
86.1341,5,251,2,0.00605563,90
86.1391,5,252,2,0.0110716,90
86.1479,10,327,2,0.00444764,90
86.1523,10,328,2,0.00884364,90
86.1642,8,108,3,0.00541965,90
86.5936,2,333,3,0.00573565,90
86.6003,2,334,3,0.0123517,90
86.6074,5,253,2,0.00412766,90
86.6124,5,254,2,0.00916366,90
86.6234,10,329,2,0.00477967,90
86.63,10,330,2,0.0113957,90
87.0858,2,335,0,0.00541168,90
87.0918,2,336,0,0.0114077,90
87.0996,3,379,2,0.00382368,90
87.1062,3,380,2,0.0104397,90
87.1115,3,381,2,0.0157757,90
87.1172,5,255,2,0.0060517,90
87.1204,5,256,2,0.0093437,36
87.1303,10,331,2,0.0038197,90
87.135,10,332,2,0.00851571,90
87.1463,8,109,1,0.00445171,90
87.5773,2,337,0,0.00604772,90
87.5823,2,338,0,0.0110837,90
87.5914,3,382,2,0.00477972,90
87.5967,3,383,2,0.0101157,90
87.6004,3,384,2,0.0137877,58
87.6058,10,333,2,0.00382374,90
87.6118,10,334,2,0.00979974,90
87.6231,8,110,1,0.00573574,90
88.0682,2,339,2,0.00509175,90
88.0745,2,340,2,0.0114078,90
88.0823,5,257,2,0.00382376,90
88.0867,5,258,2,0.00819976,90
88.0976,10,335,2,0.00381576,90
88.1039,10,336,2,0.0101118,90
88.5575,2,341,2,0.00380777,90
88.5641,2,342,2,0.0104438,90
88.5728,3,385,2,0.00381978,90
88.5782,3,386,2,0.00915578,90
88.5839,3,387,2,0.0148318,90
88.6039,5,259,2,0.00412779,90
88.6095,5,260,2,0.0098038,90
88.6196,10,337,2,0.0044598,90
88.6249,10,338,2,0.0097958,90
88.6359,8,111,1,0.00541181,90
89.0506,2,343,2,0.00476781,90
89.0553,2,344,2,0.00948382,90
89.0656,3,388,2,0.00445982,90
89.07,3,389,2,0.00883582,90
89.0744,3,390,2,0.0132318,90
89.0967,5,261,0,0.00476783,90
89.1016,5,262,0,0.00965984,36
89.1117,10,339,2,0.00445584,90
89.118,10,340,2,0.0107518,90
89.5418,2,345,2,0.00444785,90
89.5471,2,346,2,0.00980385,90
89.5588,3,391,2,0.00605986,90
89.5651,3,392,2,0.0123559,90
89.5706,3,393,2,0.0178679,55
89.5772,10,342,2,0.00916387,90
89.5872,8,112,1,0.00381987,90
90.0343,2,347,2,0.00509588,90
90.0393,2,348,2,0.0101119,90
90.0496,5,263,2,0.00508788,90
90.0553,5,264,2,0.0107639,90
90.065,10,343,2,0.00509989,90
90.0707,10,344,2,0.0107559,90
90.0797,8,113,1,0.0044519,90
90.5252,2,349,2,0.0041279,90
90.5318,2,350,2,0.0107639,90
90.5402,3,394,2,0.00381991,90
90.5459,3,395,2,0.00947592,90
90.5512,3,396,2,0.0148319,90
90.5578,5,265,2,0.00604792,90
90.5609,5,266,2,0.00911993,39
90.5722,10,345,2,0.00509593,90
90.5775,10,346,2,0.0104319,90
91.0173,2,351,0,0.00572794,90
91.0217,2,352,0,0.0101239,90
91.0311,3,397,2,0.00413995,90
91.0367,3,398,2,0.00979595,90
91.0421,3,399,2,0.015152,90
91.0477,10,347,2,0.00540796,90
91.0531,10,348,2,0.010764,90
91.0634,8,114,1,0.00573997,90
91.5072,2,353,2,0.00381597,90
91.5139,2,354,2,0.010432,90
91.5245,3,400,2,0.00572798,90
91.5295,3,401,2,0.010764,90
91.534,3,402,2,0.015176,51
91.538,5,267,2,0.00381199,90
91.543,5,268,2,0.008848,90
91.5549,10,349,2,0.005424,90
91.5606,10,350,2,0.01108,90
91.5703,8,115,1,0.00541601,90
91.9988,2,355,2,0.00413201,90
92.0034,2,356,2,0.00876402,38
92.0157,5,269,0,0.00574002,90
92.0223,5,270,0,0.012356,90
92.0298,10,351,2,0.00445203,90
92.0352,10,352,2,0.00980803,90
92.0606,11,9,3,0.00454403,73
92.4916,3,403,2,0.00574004,90
92.4972,3,404,2,0.011396,90
92.5029,3,405,2,0.017072,90
92.5099,5,271,2,0.00874805,90
92.5126,5,272,2,0.0114201,37
92.5223,10,353,2,0.00573606,90
92.527,10,354,2,0.0104321,90
92.5364,8,116,1,0.00444807,90
92.984,2,357,0,0.00606407,90
92.9897,2,358,0,0.0117201,90
92.9981,3,406,2,0.00477608,90
93.0047,3,407,2,0.0113921,90
93.0083,3,408,2,0.0150041,56
93.0132,10,355,2,0.00446009,90
93.0191,10,356,2,0.0104361,90
93.4759,2,359,0,0.0057321,90
93.4822,2,360,0,0.0120481,90
93.4916,5,273,2,0.00606411,90
93.4979,5,274,2,0.0123601,90
93.5056,10,357,2,0.00477612,90
93.5107,10,358,2,0.00979212,90
93.5213,8,117,1,0.00508813,90
93.9664,2,361,2,0.00510413,90
93.9711,2,362,2,0.00980013,90
93.9805,3,409,2,0.00381614,90
93.9865,3,410,2,0.00979214,90
93.9909,3,411,2,0.0141881,90
94.0128,5,275,2,0.00542415,90
94.0188,5,276,2,0.0114002,90
94.0279,10,359,2,0.00509616,90
94.0335,10,360,2,0.0107522,90
94.042,8,118,1,0.00380816,90
94.4583,2,363,2,0.00478417,90
94.4636,2,364,2,0.0101202,90
94.4746,3,412,2,0.00573618,90
94.4809,3,413,2,0.0120322,90
94.4875,3,414,2,0.0186682,90
94.5053,5,277,2,0.00574419,90
94.5084,5,278,2,0.00879619,39
94.5197,10,361,2,0.0047722,90
94.5244,10,362,2,0.0094882,90
94.9492,2,365,2,0.0041442,90
94.9535,2,366,2,0.00852021,90
94.9655,3,415,2,0.00509621,90
94.9711,3,416,2,0.0107522,90
94.9744,3,417,2,0.0139842,44
94.9818,10,363,2,0.00606022,90
94.9865,10,364,2,0.0107322,39
94.9959,8,119,1,0.00476823,90
95.4394,2,367,2,0.00478424,90
95.4454,2,368,2,0.0107602,90
95.4554,5,279,2,0.00541624,90
95.462,5,280,2,0.0120322,90
95.4698,8,120,1,0.00444825,90
95.9306,2,369,2,0.00446426,90
95.9372,2,370,2,0.0110803,90
95.9466,3,418,2,0.00509626,90
95.9516,3,419,2,0.0101123,90
95.957,3,420,2,0.0154683,90
95.9767,5,281,2,0.00446428,90
95.9814,5,282,2,0.00916028,90
95.9924,10,365,2,0.00477628,90
95.999,10,366,2,0.0113923,90
96.4231,2,371,2,0.00572829,90
96.4291,2,372,2,0.0117243,90
96.4378,3,421,2,0.0051003,90
96.4441,3,422,2,0.0113963,90
96.4501,3,423,2,0.0173923,90
96.4559,5,283,2,0.00778831,90
96.4604,5,284,2,0.0123803,37
96.4676,10,367,2,0.00413632,90
96.4735,10,368,2,0.0101123,90
96.4826,8,121,1,0.00380833,90
96.9152,2,373,2,0.00446433,90
96.9199,2,374,2,0.00916034,90
96.9322,3,424,2,0.00605634,90
96.9382,3,425,2,0.0120323,90
96.9424,3,426,2,0.0162243,44
96.9466,10,369,2,0.00510035,90
96.9516,10,370,2,0.0101164,90
96.961,8,122,1,0.00413236,90
97.4058,2,375,0,0.00444836,90
97.4105,2,376,0,0.00916437,90
97.4218,5,285,2,0.00510037,90
97.4275,5,286,2,0.0107564,90
97.4372,10,371,2,0.00509238,90
97.4435,10,372,2,0.0114084,90
97.8973,2,377,2,0.00478439,90
97.903,2,378,2,0.0104404,90
97.9133,3,427,2,0.0054164,90
97.9177,3,428,2,0.0097924,90
97.9221,3,429,2,0.0141884,90
97.929,5,287,2,0.00574441,90
97.935,5,288,2,0.0117204,90
97.9444,10,373,2,0.00573642,90
97.951,10,374,2,0.0123524,90
97.96,8,123,1,0.00604843,90
98.3888,2,379,2,0.00542443,90
98.3951,2,380,2,0.0117204,90
98.4026,3,430,2,0.00381644,90
98.4083,3,431,2,0.00947244,90
98.4136,3,432,2,0.0147844,59
98.4349,5,289,2,0.00542045,90
98.4382,5,290,2,0.00873245,37
98.4493,10,375,2,0.00444846,90
98.4556,10,376,2,0.0107645,90
98.882,2,381,2,0.00478046,90
98.8876,2,382,2,0.0104365,90
98.8986,10,377,2,0.00605247,90
98.9046,10,378,2,0.0120485,90
98.9133,8,124,1,0.00542448,90
99.3725,2,383,2,0.00414048,90
99.3769,2,384,2,0.00851649,90
99.3888,3,433,2,0.00509249,90
99.3939,3,434,2,0.0101285,90
99.4002,3,435,2,0.0164245,90
99.4189,5,291,2,0.0044605,90
99.4255,5,292,2,0.0110765,90
99.434,10,379,2,0.00413251,90
99.4396,10,380,2,0.00980852,90
99.4493,8,125,0,0.00414452,90
99.865,2,385,0,0.00574052,90
99.8707,2,386,0,0.0113965,90
99.8788,3,436,2,0.00413253,90
99.8844,3,437,2,0.00980854,90
99.8894,3,438,2,0.0148245,90
99.8948,5,293,2,0.00478054,90
99.8977,5,294,2,0.00771255,35
99.9098,10,381,2,0.00444855,90
99.9158,10,382,2,0.0104446,90
