Time_s,Event,Priority,Size_bytes
1.51803,Rx_802.15.4,N/A,10
1.53704,Rx_802.15.4,N/A,10
1.53825,Rx_802.15.4,N/A,10
1.54,Rx_802.15.4,N/A,10
2.01691,Rx_802.15.4,N/A,10
2.05181,Rx_802.15.4,N/A,90
2.05181,Tx_WiFi,2,90
2.05683,Rx_802.15.4,N/A,90
2.05683,Tx_WiFi,2,90
2.06621,Rx_802.15.4,N/A,90
2.06621,Tx_WiFi,2,90
2.07251,Rx_802.15.4,N/A,90
2.07251,Tx_WiFi,2,90
2.07882,Rx_802.15.4,N/A,90
2.07882,Tx_WiFi,2,90
2.08362,Rx_802.15.4,N/A,90
2.08362,Tx_WiFi,2,90
2.09024,Rx_802.15.4,N/A,90
2.09024,Tx_WiFi,2,90
2.09757,Rx_802.15.4,N/A,90
2.09757,Tx_WiFi,2,90
2.10387,Rx_802.15.4,N/A,90
2.10387,Tx_WiFi,2,90
2.54269,Rx_802.15.4,N/A,90
2.54269,Tx_WiFi,2,90
2.54771,Rx_802.15.4,N/A,90
2.54771,Tx_WiFi,2,90
2.55773,Rx_802.15.4,N/A,90
2.55773,Tx_WiFi,2,90
2.56243,Rx_802.15.4,N/A,90
2.56243,Tx_WiFi,2,90
2.56742,Rx_802.15.4,N/A,49
2.56742,Tx_WiFi,2,49
2.57277,Rx_802.15.4,N/A,90
2.57277,Tx_WiFi,2,90
2.57731,Rx_802.15.4,N/A,35
2.57731,Tx_WiFi,2,35
2.58845,Rx_802.15.4,N/A,90
2.58845,Tx_WiFi,2,90
2.59315,Rx_802.15.4,N/A,90
2.59315,Tx_WiFi,2,90
2.60477,Rx_802.15.4,N/A,90
2.60477,Tx_WiFi,1,90
2.9724,Rx_802.15.4,N/A,10
3.01372,Rx_802.15.4,N/A,10
3.03389,Rx_802.15.4,N/A,90
3.03389,Tx_WiFi,2,90
3.03891,Rx_802.15.4,N/A,90
3.03891,Tx_WiFi,2,90
3.04989,Rx_802.15.4,N/A,90
3.04989,Tx_WiFi,2,90
3.05523,Rx_802.15.4,N/A,90
3.05523,Tx_WiFi,2,90
3.52509,Rx_802.15.4,N/A,90
3.52509,Tx_WiFi,2,90
3.53043,Rx_802.15.4,N/A,90
3.53043,Tx_WiFi,2,90
3.54109,Rx_802.15.4,N/A,90
3.54109,Tx_WiFi,2,90
3.54643,Rx_802.15.4,N/A,90
3.54643,Tx_WiFi,2,90
3.55242,Rx_802.15.4,N/A,90
3.55242,Tx_WiFi,2,90
3.57085,Rx_802.15.4,N/A,90
3.57085,Tx_WiFi,2,90
3.57715,Rx_802.15.4,N/A,90
3.57715,Tx_WiFi,2,90
3.58685,Rx_802.15.4,N/A,90
3.58685,Tx_WiFi,2,90
3.59155,Rx_802.15.4,N/A,90
3.59155,Tx_WiFi,2,90
3.60317,Rx_802.15.4,N/A,90
3.60317,Tx_WiFi,0,90
4.01821,Rx_802.15.4,N/A,90
4.01821,Tx_WiFi,2,90
4.02451,Rx_802.15.4,N/A,90
4.02451,Tx_WiFi,2,90
4.03453,Rx_802.15.4,N/A,90
4.03453,Tx_WiFi,2,90
4.04083,Rx_802.15.4,N/A,90
4.04083,Tx_WiFi,2,90
4.0465,Rx_802.15.4,N/A,90
4.0465,Tx_WiFi,2,90
4.05258,Rx_802.15.4,N/A,90
4.05258,Tx_WiFi,2,90
4.0576,Rx_802.15.4,N/A,90
4.0576,Tx_WiFi,2,90
4.06557,Rx_802.15.4,N/A,90
4.06557,Tx_WiFi,2,90
4.07059,Rx_802.15.4,N/A,90
4.07059,Tx_WiFi,2,90
4.50781,Rx_802.15.4,N/A,90
4.50781,Tx_WiFi,2,90
4.51283,Rx_802.15.4,N/A,90
4.51283,Tx_WiFi,2,90
4.52413,Rx_802.15.4,N/A,90
4.52413,Tx_WiFi,2,90
4.52915,Rx_802.15.4,N/A,90
4.52915,Tx_WiFi,2,90
4.53248,Rx_802.15.4,N/A,57
4.53248,Tx_WiFi,2,57
4.53853,Rx_802.15.4,N/A,90
4.53853,Tx_WiFi,2,90
4.54256,Rx_802.15.4,N/A,39
4.54256,Tx_WiFi,2,39
4.55389,Rx_802.15.4,N/A,90
4.55389,Tx_WiFi,2,90
4.55923,Rx_802.15.4,N/A,90
4.55923,Tx_WiFi,2,90
4.56989,Rx_802.15.4,N/A,90
4.56989,Tx_WiFi,1,90
4.94164,Rx_802.15.4,N/A,10
4.98497,Rx_802.15.4,N/A,10
4.99901,Rx_802.15.4,N/A,90
4.99901,Tx_WiFi,2,90
5.00323,Rx_802.15.4,N/A,35
5.00323,Tx_WiFi,2,35
5.01565,Rx_802.15.4,N/A,90
5.01565,Tx_WiFi,2,90
5.02067,Rx_802.15.4,N/A,90
5.02067,Tx_WiFi,2,90
5.03133,Rx_802.15.4,N/A,90
5.03133,Tx_WiFi,1,90
5.47305,Rx_802.15.4,N/A,10
5.49053,Rx_802.15.4,N/A,90
5.49053,Tx_WiFi,2,90
5.49555,Rx_802.15.4,N/A,90
5.49555,Tx_WiFi,2,90
5.50154,Rx_802.15.4,N/A,90
5.50154,Tx_WiFi,2,90
5.50589,Rx_802.15.4,N/A,90
5.50589,Tx_WiFi,2,90
5.51091,Rx_802.15.4,N/A,90
5.51091,Tx_WiFi,2,90
5.52189,Rx_802.15.4,N/A,90
5.52189,Tx_WiFi,2,90
5.52691,Rx_802.15.4,N/A,90
5.52691,Tx_WiFi,2,90
5.98269,Rx_802.15.4,N/A,90
5.98269,Tx_WiFi,2,90
5.98835,Rx_802.15.4,N/A,90
5.98835,Tx_WiFi,2,90
5.99965,Rx_802.15.4,N/A,90
5.99965,Tx_WiFi,2,90
6.00403,Rx_802.15.4,N/A,90
6.00403,Tx_WiFi,2,90
6.00838,Rx_802.15.4,N/A,49
6.00838,Tx_WiFi,2,49
6.01373,Rx_802.15.4,N/A,90
6.01373,Tx_WiFi,2,90
6.01875,Rx_802.15.4,N/A,90
6.01875,Tx_WiFi,2,90
6.03037,Rx_802.15.4,N/A,90
6.03037,Tx_WiFi,3,90
6.03699,Rx_802.15.4,N/A,90
6.03699,Tx_WiFi,3,90
6.04541,Rx_802.15.4,N/A,90
6.04541,Tx_WiFi,1,90
6.42355,Rx_802.15.4,N/A,10
6.47485,Rx_802.15.4,N/A,90
6.47485,Tx_WiFi,2,90
6.48083,Rx_802.15.4,N/A,90
6.48083,Tx_WiFi,2,90
6.49085,Rx_802.15.4,N/A,90
6.49085,Tx_WiFi,2,90
6.49456,Rx_802.15.4,N/A,39
6.49456,Tx_WiFi,2,39
6.50397,Rx_802.15.4,N/A,90
6.50397,Tx_WiFi,2,90
6.50963,Rx_802.15.4,N/A,90
6.50963,Tx_WiFi,2,90
6.51933,Rx_802.15.4,N/A,90
6.51933,Tx_WiFi,1,90
6.93979,Rx_802.15.4,N/A,10
6.96893,Rx_802.15.4,N/A,90
6.96893,Tx_WiFi,2,90
6.97363,Rx_802.15.4,N/A,90
6.97363,Tx_WiFi,2,90
6.98205,Rx_802.15.4,N/A,90
6.98205,Tx_WiFi,2,90
6.98803,Rx_802.15.4,N/A,90
6.98803,Tx_WiFi,2,90
6.9937,Rx_802.15.4,N/A,90
6.9937,Tx_WiFi,2,90
7.01501,Rx_802.15.4,N/A,90
7.01501,Tx_WiFi,2,90
7.01939,Rx_802.15.4,N/A,90
7.01939,Tx_WiFi,2,90
7.45853,Rx_802.15.4,N/A,90
7.45853,Tx_WiFi,0,90
7.46515,Rx_802.15.4,N/A,90
7.46515,Tx_WiFi,0,90
7.47485,Rx_802.15.4,N/A,90
7.47485,Tx_WiFi,2,90
7.47987,Rx_802.15.4,N/A,90
7.47987,Tx_WiFi,2,90
7.48554,Rx_802.15.4,N/A,90
7.48554,Tx_WiFi,2,90
7.49053,Rx_802.15.4,N/A,90
7.49053,Tx_WiFi,2,90
7.49555,Rx_802.15.4,N/A,90
7.49555,Tx_WiFi,2,90
7.50397,Rx_802.15.4,N/A,90
7.50397,Tx_WiFi,2,90
7.51059,Rx_802.15.4,N/A,90
7.51059,Tx_WiFi,2,90
7.52029,Rx_802.15.4,N/A,90
7.52029,Tx_WiFi,1,90
7.94845,Rx_802.15.4,N/A,90
7.94845,Tx_WiFi,2,90
7.95507,Rx_802.15.4,N/A,90
7.95507,Tx_WiFi,2,90
7.96445,Rx_802.15.4,N/A,90
7.96445,Tx_WiFi,2,90
7.96979,Rx_802.15.4,N/A,90
7.96979,Tx_WiFi,2,90
7.97347,Rx_802.15.4,N/A,48
7.97347,Tx_WiFi,2,48
7.97981,Rx_802.15.4,N/A,90
7.97981,Tx_WiFi,0,90
7.98349,Rx_802.15.4,N/A,38
7.98349,Tx_WiFi,0,38
7.99485,Rx_802.15.4,N/A,90
7.99485,Tx_WiFi,2,90
7.99978,Rx_802.15.4,N/A,37
7.99978,Tx_WiFi,2,37
8.40487,Rx_802.15.4,N/A,10
8.40665,Rx_802.15.4,N/A,10
8.41653,Rx_802.15.4,N/A,10
8.44029,Rx_802.15.4,N/A,90
8.44029,Tx_WiFi,2,90
8.44627,Rx_802.15.4,N/A,90
8.44627,Tx_WiFi,2,90
8.45501,Rx_802.15.4,N/A,90
8.45501,Tx_WiFi,1,90
8.93373,Rx_802.15.4,N/A,90
8.93373,Tx_WiFi,0,90
8.93971,Rx_802.15.4,N/A,90
8.93971,Tx_WiFi,0,90
8.94845,Rx_802.15.4,N/A,90
8.94845,Tx_WiFi,2,90
8.95347,Rx_802.15.4,N/A,90
8.95347,Tx_WiFi,2,90
8.95818,Rx_802.15.4,N/A,90
8.95818,Tx_WiFi,2,90
8.97821,Rx_802.15.4,N/A,90
8.97821,Tx_WiFi,2,90
8.98483,Rx_802.15.4,N/A,90
8.98483,Tx_WiFi,2,90
8.99389,Rx_802.15.4,N/A,90
8.99389,Tx_WiFi,2,90
9.00051,Rx_802.15.4,N/A,90
9.00051,Tx_WiFi,2,90
9.00989,Rx_802.15.4,N/A,90
9.00989,Tx_WiFi,1,90
9.42397,Rx_802.15.4,N/A,90
9.42397,Tx_WiFi,2,90
9.43027,Rx_802.15.4,N/A,90
9.43027,Tx_WiFi,2,90
9.43741,Rx_802.15.4,N/A,90
9.43741,Tx_WiFi,2,90
9.44307,Rx_802.15.4,N/A,90
9.44307,Tx_WiFi,2,90
9.4497,Rx_802.15.4,N/A,90
9.4497,Tx_WiFi,2,90
9.45405,Rx_802.15.4,N/A,90
9.45405,Tx_WiFi,2,90
9.46035,Rx_802.15.4,N/A,90
9.46035,Tx_WiFi,2,90
9.46973,Rx_802.15.4,N/A,90
9.46973,Tx_WiFi,2,90
9.47443,Rx_802.15.4,N/A,90
9.47443,Tx_WiFi,2,90
9.91581,Rx_802.15.4,N/A,90
9.91581,Tx_WiFi,2,90
9.92019,Rx_802.15.4,N/A,90
9.92019,Tx_WiFi,2,90
9.93245,Rx_802.15.4,N/A,90
9.93245,Tx_WiFi,2,90
9.93747,Rx_802.15.4,N/A,90
9.93747,Tx_WiFi,2,90
9.94118,Rx_802.15.4,N/A,49
9.94118,Tx_WiFi,2,49
9.94557,Rx_802.15.4,N/A,90
9.94557,Tx_WiFi,2,90
9.94832,Rx_802.15.4,N/A,39
9.94832,Tx_WiFi,2,39
9.96157,Rx_802.15.4,N/A,90
9.96157,Tx_WiFi,2,90
9.96691,Rx_802.15.4,N/A,90
9.96691,Tx_WiFi,2,90
9.97757,Rx_802.15.4,N/A,90
9.97757,Tx_WiFi,1,90
10.3439,Rx_802.15.4,N/A,10
10.3787,Rx_802.15.4,N/A,10
10.406,Rx_802.15.4,N/A,90
10.406,Tx_WiFi,2,90
10.4117,Rx_802.15.4,N/A,90
10.4117,Tx_WiFi,2,90
10.4211,Rx_802.15.4,N/A,90
10.4211,Tx_WiFi,2,90
10.4264,Rx_802.15.4,N/A,90
10.4264,Tx_WiFi,2,90
10.4358,Rx_802.15.4,N/A,90
10.4358,Tx_WiFi,1,90
10.8504,Rx_802.15.4,N/A,10
10.8969,Rx_802.15.4,N/A,90
10.8969,Tx_WiFi,2,90
10.9032,Rx_802.15.4,N/A,90
10.9032,Tx_WiFi,2,90
10.9136,Rx_802.15.4,N/A,90
10.9136,Tx_WiFi,2,90
10.9199,Rx_802.15.4,N/A,90
10.9199,Tx_WiFi,2,90
10.9243,Rx_802.15.4,N/A,90
10.9243,Tx_WiFi,2,90
10.9292,Rx_802.15.4,N/A,90
10.9292,Tx_WiFi,2,90
10.934,Rx_802.15.4,N/A,90
10.934,Tx_WiFi,2,90
10.9433,Rx_802.15.4,N/A,90
10.9433,Tx_WiFi,2,90
10.949,Rx_802.15.4,N/A,90
10.949,Tx_WiFi,2,90
11.3891,Rx_802.15.4,N/A,90
11.3891,Tx_WiFi,2,90
11.3957,Rx_802.15.4,N/A,90
11.3957,Tx_WiFi,2,90
11.4051,Rx_802.15.4,N/A,90
11.4051,Tx_WiFi,2,90
11.4104,Rx_802.15.4,N/A,90
11.4104,Tx_WiFi,2,90
11.4155,Rx_802.15.4,N/A,90
11.4155,Tx_WiFi,2,90
11.4201,Rx_802.15.4,N/A,90
11.4201,Tx_WiFi,2,90
11.4258,Rx_802.15.4,N/A,90
11.4258,Tx_WiFi,2,90
11.4355,Rx_802.15.4,N/A,90
11.4355,Tx_WiFi,2,90
11.4415,Rx_802.15.4,N/A,90
11.4415,Tx_WiFi,2,90
11.4515,Rx_802.15.4,N/A,90
11.4515,Tx_WiFi,1,90
11.4662,Rx_802.15.4,N/A,71
11.4662,Tx_WiFi,3,71
11.8838,Rx_802.15.4,N/A,90
11.8838,Tx_WiFi,0,90
11.8888,Rx_802.15.4,N/A,90
11.8888,Tx_WiFi,0,90
11.8988,Rx_802.15.4,N/A,90
11.8988,Tx_WiFi,2,90
11.9048,Rx_802.15.4,N/A,90
11.9048,Tx_WiFi,2,90
11.91,Rx_802.15.4,N/A,45
11.91,Tx_WiFi,2,45
11.9163,Rx_802.15.4,N/A,90
11.9163,Tx_WiFi,3,90
11.9196,Rx_802.15.4,N/A,38
11.9196,Tx_WiFi,3,38
11.9283,Rx_802.15.4,N/A,90
11.9283,Tx_WiFi,2,90
11.9349,Rx_802.15.4,N/A,90
11.9349,Tx_WiFi,2,90
11.9452,Rx_802.15.4,N/A,90
11.9452,Tx_WiFi,1,90
12.3285,Rx_802.15.4,N/A,10
12.359,Rx_802.15.4,N/A,10
12.3728,Rx_802.15.4,N/A,90
12.3728,Tx_WiFi,2,90
12.3794,Rx_802.15.4,N/A,90
12.3794,Tx_WiFi,2,90
12.3881,Rx_802.15.4,N/A,90
12.3881,Tx_WiFi,2,90
12.3941,Rx_802.15.4,N/A,90
12.3941,Tx_WiFi,2,90
12.8649,Rx_802.15.4,N/A,90
12.8649,Tx_WiFi,2,90
12.8703,Rx_802.15.4,N/A,90
12.8703,Tx_WiFi,2,90
12.8812,Rx_802.15.4,N/A,90
12.8812,Tx_WiFi,2,90
12.886,Rx_802.15.4,N/A,90
12.886,Tx_WiFi,2,90
12.891,Rx_802.15.4,N/A,90
12.891,Tx_WiFi,2,90
12.8956,Rx_802.15.4,N/A,90
12.8956,Tx_WiFi,2,90
12.9023,Rx_802.15.4,N/A,90
12.9023,Tx_WiFi,2,90
12.9126,Rx_802.15.4,N/A,90
12.9126,Tx_WiFi,2,90
12.9186,Rx_802.15.4,N/A,90
12.9186,Tx_WiFi,2,90
12.9283,Rx_802.15.4,N/A,90
12.9283,Tx_WiFi,1,90
13.3041,Rx_802.15.4,N/A,10
13.3574,Rx_802.15.4,N/A,90
13.3574,Tx_WiFi,2,90
13.3631,Rx_802.15.4,N/A,90
13.3631,Tx_WiFi,2,90
13.3728,Rx_802.15.4,N/A,90
13.3728,Tx_WiFi,2,90
13.3794,Rx_802.15.4,N/A,90
13.3794,Tx_WiFi,2,90
13.3828,Rx_802.15.4,N/A,40
13.3828,Tx_WiFi,2,40
13.4016,Rx_802.15.4,N/A,90
13.4016,Tx_WiFi,2,90
13.4066,Rx_802.15.4,N/A,90
13.4066,Tx_WiFi,2,90
13.4176,Rx_802.15.4,N/A,90
13.4176,Tx_WiFi,2,90
13.422,Rx_802.15.4,N/A,90
13.422,Tx_WiFi,2,90
13.8053,Rx_802.15.4,N/A,10
13.846,Rx_802.15.4,N/A,90
13.846,Tx_WiFi,2,90
13.8517,Rx_802.15.4,N/A,90
13.8517,Tx_WiFi,2,90
13.8633,Rx_802.15.4,N/A,90
13.8633,Tx_WiFi,2,90
13.8664,Rx_802.15.4,N/A,39
13.8664,Tx_WiFi,2,39
13.8784,Rx_802.15.4,N/A,90
13.8784,Tx_WiFi,2,90
13.8837,Rx_802.15.4,N/A,90
13.8837,Tx_WiFi,2,90
13.8921,Rx_802.15.4,N/A,90
13.8921,Tx_WiFi,1,90
13.9092,Rx_802.15.4,N/A,73
13.9092,Tx_WiFi,3,73
14.2961,Rx_802.15.4,N/A,10
14.3388,Rx_802.15.4,N/A,90
14.3388,Tx_WiFi,2,90
14.3432,Rx_802.15.4,N/A,90
14.3432,Tx_WiFi,2,90
14.3532,Rx_802.15.4,N/A,90
14.3532,Tx_WiFi,2,90
14.3576,Rx_802.15.4,N/A,90
14.3576,Tx_WiFi,2,90
14.363,Rx_802.15.4,N/A,90
14.363,Tx_WiFi,2,90
14.3862,Rx_802.15.4,N/A,90
14.3862,Tx_WiFi,2,90
14.3919,Rx_802.15.4,N/A,90
14.3919,Tx_WiFi,2,90
14.4016,Rx_802.15.4,N/A,90
14.4016,Tx_WiFi,3,90
14.8313,Rx_802.15.4,N/A,90
14.8313,Tx_WiFi,2,90
14.8373,Rx_802.15.4,N/A,90
14.8373,Tx_WiFi,2,90
14.8476,Rx_802.15.4,N/A,90
14.8476,Tx_WiFi,2,90
14.8533,Rx_802.15.4,N/A,90
14.8533,Tx_WiFi,2,90
14.858,Rx_802.15.4,N/A,90
14.858,Tx_WiFi,2,90
14.8777,Rx_802.15.4,N/A,90
14.8777,Tx_WiFi,2,90
14.8828,Rx_802.15.4,N/A,90
14.8828,Tx_WiFi,2,90
14.8944,Rx_802.15.4,N/A,90
14.8944,Tx_WiFi,2,90
14.8997,Rx_802.15.4,N/A,90
14.8997,Tx_WiFi,2,90
15.3238,Rx_802.15.4,N/A,90
15.3238,Tx_WiFi,2,90
15.3298,Rx_802.15.4,N/A,90
15.3298,Tx_WiFi,2,90
15.3372,Rx_802.15.4,N/A,90
15.3372,Tx_WiFi,2,90
15.3436,Rx_802.15.4,N/A,90
15.3436,Tx_WiFi,2,90
15.3477,Rx_802.15.4,N/A,54
15.3477,Tx_WiFi,2,54
15.3526,Rx_802.15.4,N/A,90
15.3526,Tx_WiFi,2,90
15.357,Rx_802.15.4,N/A,90
15.357,Tx_WiFi,2,90
15.368,Rx_802.15.4,N/A,90
15.368,Tx_WiFi,2,90
15.3733,Rx_802.15.4,N/A,90
15.3733,Tx_WiFi,2,90
15.3836,Rx_802.15.4,N/A,90
15.3836,Tx_WiFi,3,90
15.755,Rx_802.15.4,N/A,10
15.814,Rx_802.15.4,N/A,90
15.814,Tx_WiFi,2,90
15.8184,Rx_802.15.4,N/A,90
15.8184,Tx_WiFi,2,90
15.8307,Rx_802.15.4,N/A,90
15.8307,Tx_WiFi,2,90
15.835,Rx_802.15.4,N/A,38
15.835,Tx_WiFi,2,38
15.8448,Rx_802.15.4,N/A,90
15.8448,Tx_WiFi,2,90
15.8495,Rx_802.15.4,N/A,90
15.8495,Tx_WiFi,2,90
15.8617,Rx_802.15.4,N/A,90
15.8617,Tx_WiFi,1,90
16.2516,Rx_802.15.4,N/A,10
16.3059,Rx_802.15.4,N/A,90
16.3059,Tx_WiFi,0,90
16.3119,Rx_802.15.4,N/A,90
16.3119,Tx_WiFi,0,90
16.3209,Rx_802.15.4,N/A,90
16.3209,Tx_WiFi,2,90
16.3256,Rx_802.15.4,N/A,90
16.3256,Tx_WiFi,2,90
16.3319,Rx_802.15.4,N/A,90
16.3319,Tx_WiFi,2,90
16.3369,Rx_802.15.4,N/A,90
16.3369,Tx_WiFi,2,90
16.3416,Rx_802.15.4,N/A,90
16.3416,Tx_WiFi,2,90
16.799,Rx_802.15.4,N/A,90
16.799,Tx_WiFi,2,90
16.8044,Rx_802.15.4,N/A,90
16.8044,Tx_WiFi,2,90
16.8121,Rx_802.15.4,N/A,90
16.8121,Tx_WiFi,2,90
16.8168,Rx_802.15.4,N/A,90
16.8168,Tx_WiFi,2,90
16.8215,Rx_802.15.4,N/A,90
16.8215,Tx_WiFi,2,90
16.8288,Rx_802.15.4,N/A,90
16.8288,Tx_WiFi,2,90
16.8335,Rx_802.15.4,N/A,90
16.8335,Tx_WiFi,2,90
16.8428,Rx_802.15.4,N/A,90
16.8428,Tx_WiFi,2,90
16.8476,Rx_802.15.4,N/A,90
16.8476,Tx_WiFi,2,90
16.8582,Rx_802.15.4,N/A,90
16.8582,Tx_WiFi,3,90
17.2663,Rx_802.15.4,N/A,10
17.2902,Rx_802.15.4,N/A,90
17.2902,Tx_WiFi,2,90
17.2949,Rx_802.15.4,N/A,90
17.2949,Tx_WiFi,2,90
17.3059,Rx_802.15.4,N/A,90
17.3059,Tx_WiFi,2,90
17.3106,Rx_802.15.4,N/A,90
17.3106,Tx_WiFi,2,90
17.3143,Rx_802.15.4,N/A,50
17.3143,Tx_WiFi,2,50
17.3212,Rx_802.15.4,N/A,90
17.3212,Tx_WiFi,2,90
17.3252,Rx_802.15.4,N/A,38
17.3252,Tx_WiFi,2,38
17.335,Rx_802.15.4,N/A,90
17.335,Tx_WiFi,2,90
17.3394,Rx_802.15.4,N/A,90
17.3394,Tx_WiFi,2,90
17.7222,Rx_802.15.4,N/A,10
17.7247,Rx_802.15.4,N/A,10
17.7808,Rx_802.15.4,N/A,90
17.7808,Tx_WiFi,2,90
17.7858,Rx_802.15.4,N/A,90
17.7858,Tx_WiFi,2,90
17.7977,Rx_802.15.4,N/A,90
17.7977,Tx_WiFi,2,90
17.8037,Rx_802.15.4,N/A,90
17.8037,Tx_WiFi,2,90
17.8112,Rx_802.15.4,N/A,90
17.8112,Tx_WiFi,1,90
17.8263,Rx_802.15.4,N/A,73
17.8263,Tx_WiFi,3,73
18.2732,Rx_802.15.4,N/A,90
18.2732,Tx_WiFi,0,90
18.2796,Rx_802.15.4,N/A,90
18.2796,Tx_WiFi,0,90
18.2873,Rx_802.15.4,N/A,90
18.2873,Tx_WiFi,2,90
18.292,Rx_802.15.4,N/A,90
18.292,Tx_WiFi,2,90
18.2967,Rx_802.15.4,N/A,90
18.2967,Tx_WiFi,2,90
18.3036,Rx_802.15.4,N/A,90
18.3036,Tx_WiFi,0,90
18.3093,Rx_802.15.4,N/A,90
18.3093,Tx_WiFi,0,90
18.3174,Rx_802.15.4,N/A,90
18.3174,Tx_WiFi,2,90
18.324,Rx_802.15.4,N/A,90
18.324,Tx_WiFi,2,90
18.3337,Rx_802.15.4,N/A,90
18.3337,Tx_WiFi,1,90
18.7619,Rx_802.15.4,N/A,90
18.7619,Tx_WiFi,2,90
18.7672,Rx_802.15.4,N/A,90
18.7672,Tx_WiFi,2,90
18.7779,Rx_802.15.4,N/A,90
18.7779,Tx_WiFi,2,90
18.7823,Rx_802.15.4,N/A,90
18.7823,Tx_WiFi,2,90
18.7852,Rx_802.15.4,N/A,46
18.7852,Tx_WiFi,2,46
18.7929,Rx_802.15.4,N/A,90
18.7929,Tx_WiFi,2,90
18.7996,Rx_802.15.4,N/A,90
18.7996,Tx_WiFi,2,90
18.8073,Rx_802.15.4,N/A,90
18.8073,Tx_WiFi,2,90
18.8133,Rx_802.15.4,N/A,90
18.8133,Tx_WiFi,2,90
19.2196,Rx_802.15.4,N/A,10
19.2531,Rx_802.15.4,N/A,90
19.2531,Tx_WiFi,2,90
19.2564,Rx_802.15.4,N/A,38
19.2564,Tx_WiFi,2,38
19.2694,Rx_802.15.4,N/A,90
19.2694,Tx_WiFi,2,90
19.2744,Rx_802.15.4,N/A,38
19.2744,Tx_WiFi,2,38
19.2848,Rx_802.15.4,N/A,90
19.2848,Tx_WiFi,2,90
19.2904,Rx_802.15.4,N/A,90
19.2904,Tx_WiFi,2,90
19.3008,Rx_802.15.4,N/A,90
19.3008,Tx_WiFi,1,90
19.7016,Rx_802.15.4,N/A,10
19.7171,Rx_802.15.4,N/A,10
19.7456,Rx_802.15.4,N/A,90
19.7456,Tx_WiFi,2,90
19.7503,Rx_802.15.4,N/A,90
19.7503,Tx_WiFi,2,90
19.7547,Rx_802.15.4,N/A,90
19.7547,Tx_WiFi,2,90
19.776,Rx_802.15.4,N/A,90
19.776,Tx_WiFi,2,90
19.7826,Rx_802.15.4,N/A,90
19.7826,Tx_WiFi,2,90
19.7913,Rx_802.15.4,N/A,90
19.7913,Tx_WiFi,1,90
20.2377,Rx_802.15.4,N/A,90
20.2377,Tx_WiFi,2,90
20.2434,Rx_802.15.4,N/A,90
20.2434,Tx_WiFi,2,90
20.2537,Rx_802.15.4,N/A,90
20.2537,Tx_WiFi,2,90
20.2584,Rx_802.15.4,N/A,90
20.2584,Tx_WiFi,2,90
20.2644,Rx_802.15.4,N/A,90
20.2644,Tx_WiFi,2,90
20.2684,Rx_802.15.4,N/A,90
20.2684,Tx_WiFi,2,90
20.2735,Rx_802.15.4,N/A,90
20.2735,Tx_WiFi,2,90
20.2841,Rx_802.15.4,N/A,90
20.2841,Tx_WiFi,2,90
20.2901,Rx_802.15.4,N/A,90
20.2901,Tx_WiFi,2,90
20.7283,Rx_802.15.4,N/A,90
20.7283,Tx_WiFi,0,90
20.7327,Rx_802.15.4,N/A,90
20.7327,Tx_WiFi,0,90
20.7436,Rx_802.15.4,N/A,90
20.7436,Tx_WiFi,2,90
20.7493,Rx_802.15.4,N/A,90
20.7493,Tx_WiFi,2,90
20.7537,Rx_802.15.4,N/A,51
20.7537,Tx_WiFi,2,51
20.7596,Rx_802.15.4,N/A,90
20.7596,Tx_WiFi,2,90
20.7647,Rx_802.15.4,N/A,90
20.7647,Tx_WiFi,2,90
20.7734,Rx_802.15.4,N/A,90
20.7734,Tx_WiFi,2,90
20.7788,Rx_802.15.4,N/A,90
20.7788,Tx_WiFi,2,90
20.7891,Rx_802.15.4,N/A,90
20.7891,Tx_WiFi,1,90
21.1709,Rx_802.15.4,N/A,10
21.2214,Rx_802.15.4,N/A,90
21.2214,Tx_WiFi,2,90
21.2258,Rx_802.15.4,N/A,90
21.2258,Tx_WiFi,2,90
21.2355,Rx_802.15.4,N/A,90
21.2355,Tx_WiFi,2,90
21.2397,Rx_802.15.4,N/A,36
21.2397,Tx_WiFi,2,36
21.2524,Rx_802.15.4,N/A,90
21.2524,Tx_WiFi,2,90
21.257,Rx_802.15.4,N/A,35
21.257,Tx_WiFi,2,35
21.6678,Rx_802.15.4,N/A,10
21.6886,Rx_802.15.4,N/A,10
21.7123,Rx_802.15.4,N/A,90
21.7123,Tx_WiFi,0,90
21.7189,Rx_802.15.4,N/A,90
21.7189,Tx_WiFi,0,90
21.7264,Rx_802.15.4,N/A,90
21.7264,Tx_WiFi,2,90
21.7314,Rx_802.15.4,N/A,90
21.7314,Tx_WiFi,2,90
21.7371,Rx_802.15.4,N/A,90
21.7371,Tx_WiFi,2,90
21.7433,Rx_802.15.4,N/A,90
21.7433,Tx_WiFi,1,90
22.2044,Rx_802.15.4,N/A,90
22.2044,Tx_WiFi,2,90
22.2088,Rx_802.15.4,N/A,90
22.2088,Tx_WiFi,2,90
22.2211,Rx_802.15.4,N/A,90
22.2211,Tx_WiFi,2,90
22.2271,Rx_802.15.4,N/A,90
22.2271,Tx_WiFi,2,90
22.2324,Rx_802.15.4,N/A,90
22.2324,Tx_WiFi,2,90
22.2366,Rx_802.15.4,N/A,90
22.2366,Tx_WiFi,2,90
22.241,Rx_802.15.4,N/A,90
22.241,Tx_WiFi,2,90
22.2521,Rx_802.15.4,N/A,90
22.2521,Tx_WiFi,2,90
22.2581,Rx_802.15.4,N/A,90
22.2581,Tx_WiFi,2,90
22.2656,Rx_802.15.4,N/A,90
22.2656,Tx_WiFi,1,90
22.6931,Rx_802.15.4,N/A,90
22.6931,Tx_WiFi,0,90
22.6984,Rx_802.15.4,N/A,90
22.6984,Tx_WiFi,0,90
22.7091,Rx_802.15.4,N/A,90
22.7091,Tx_WiFi,2,90
22.7135,Rx_802.15.4,N/A,90
22.7135,Tx_WiFi,2,90
22.7178,Rx_802.15.4,N/A,57
22.7178,Tx_WiFi,2,57
22.726,Rx_802.15.4,N/A,90
22.726,Tx_WiFi,2,90
22.7311,Rx_802.15.4,N/A,90
22.7311,Tx_WiFi,2,90
22.7404,Rx_802.15.4,N/A,90
22.7404,Tx_WiFi,2,90
22.7455,Rx_802.15.4,N/A,90
22.7455,Tx_WiFi,2,90
23.166,Rx_802.15.4,N/A,10
23.1884,Rx_802.15.4,N/A,90
23.1884,Tx_WiFi,2,90
23.1932,Rx_802.15.4,N/A,90
23.1932,Tx_WiFi,2,90
23.2025,Rx_802.15.4,N/A,90
23.2025,Tx_WiFi,2,90
23.2052,Rx_802.15.4,N/A,36
23.2052,Tx_WiFi,2,36
23.2188,Rx_802.15.4,N/A,90
23.2188,Tx_WiFi,2,90
23.2239,Rx_802.15.4,N/A,90
23.2239,Tx_WiFi,2,90
23.2326,Rx_802.15.4,N/A,90
23.2326,Tx_WiFi,1,90
23.6177,Rx_802.15.4,N/A,10
23.678,Rx_802.15.4,N/A,90
23.678,Tx_WiFi,2,90
23.6834,Rx_802.15.4,N/A,90
23.6834,Tx_WiFi,2,90
23.694,Rx_802.15.4,N/A,90
23.694,Tx_WiFi,2,90
23.6997,Rx_802.15.4,N/A,90
23.6997,Tx_WiFi,2,90
23.7054,Rx_802.15.4,N/A,90
23.7054,Tx_WiFi,2,90
23.7094,Rx_802.15.4,N/A,90
23.7094,Tx_WiFi,2,90
23.7144,Rx_802.15.4,N/A,90
23.7144,Tx_WiFi,2,90
23.7232,Rx_802.15.4,N/A,90
23.7232,Tx_WiFi,1,90
24.1683,Rx_802.15.4,N/A,90
24.1683,Tx_WiFi,2,90
24.1743,Rx_802.15.4,N/A,90
24.1743,Tx_WiFi,2,90
24.1833,Rx_802.15.4,N/A,90
24.1833,Tx_WiFi,2,90
24.1887,Rx_802.15.4,N/A,90
24.1887,Tx_WiFi,2,90
24.1917,Rx_802.15.4,N/A,48
24.1917,Tx_WiFi,2,48
24.2,Rx_802.15.4,N/A,90
24.2,Tx_WiFi,2,90
24.2063,Rx_802.15.4,N/A,90
24.2063,Tx_WiFi,2,90
24.216,Rx_802.15.4,N/A,90
24.216,Tx_WiFi,2,90
24.2226,Rx_802.15.4,N/A,90
24.2226,Tx_WiFi,2,90
24.61,Rx_802.15.4,N/A,10
24.662,Rx_802.15.4,N/A,90
24.662,Tx_WiFi,2,90
24.6687,Rx_802.15.4,N/A,90
24.6687,Tx_WiFi,2,90
24.6758,Rx_802.15.4,N/A,90
24.6758,Tx_WiFi,2,90
24.6815,Rx_802.15.4,N/A,90
24.6815,Tx_WiFi,2,90
24.6924,Rx_802.15.4,N/A,90
24.6924,Tx_WiFi,2,90
24.6984,Rx_802.15.4,N/A,90
24.6984,Tx_WiFi,2,90
24.7068,Rx_802.15.4,N/A,90
24.7068,Tx_WiFi,1,90
25.1539,Rx_802.15.4,N/A,90
25.1539,Tx_WiFi,2,90
25.1589,Rx_802.15.4,N/A,90
25.1589,Tx_WiFi,2,90
25.1686,Rx_802.15.4,N/A,90
25.1686,Tx_WiFi,2,90
25.1749,Rx_802.15.4,N/A,90
25.1749,Tx_WiFi,2,90
25.1799,Rx_802.15.4,N/A,90
25.1799,Tx_WiFi,2,90
25.2006,Rx_802.15.4,N/A,90
25.2006,Tx_WiFi,2,90
25.2033,Rx_802.15.4,N/A,38
25.2033,Tx_WiFi,2,38
25.2166,Rx_802.15.4,N/A,90
25.2166,Tx_WiFi,2,90
25.2232,Rx_802.15.4,N/A,90
25.2232,Tx_WiFi,2,90
25.2313,Rx_802.15.4,N/A,90
25.2313,Tx_WiFi,1,90
25.5968,Rx_802.15.4,N/A,10
25.6438,Rx_802.15.4,N/A,90
25.6438,Tx_WiFi,2,90
25.6492,Rx_802.15.4,N/A,90
25.6492,Tx_WiFi,2,90
25.6585,Rx_802.15.4,N/A,90
25.6585,Tx_WiFi,2,90
25.6645,Rx_802.15.4,N/A,90
25.6645,Tx_WiFi,2,90
25.6689,Rx_802.15.4,N/A,90
25.6689,Tx_WiFi,2,90
25.6755,Rx_802.15.4,N/A,90
25.6755,Tx_WiFi,2,90
25.6805,Rx_802.15.4,N/A,90
25.6805,Tx_WiFi,2,90
26.1356,Rx_802.15.4,N/A,90
26.1356,Tx_WiFi,2,90
26.1407,Rx_802.15.4,N/A,90
26.1407,Tx_WiFi,2,90
26.1529,Rx_802.15.4,N/A,90
26.1529,Tx_WiFi,2,90
26.1576,Rx_802.15.4,N/A,90
26.1576,Tx_WiFi,2,90
26.1609,Rx_802.15.4,N/A,55
26.1609,Tx_WiFi,2,55
26.168,Rx_802.15.4,N/A,90
26.168,Tx_WiFi,2,90
26.1746,Rx_802.15.4,N/A,90
26.1746,Tx_WiFi,2,90
26.1833,Rx_802.15.4,N/A,90
26.1833,Tx_WiFi,2,90
26.189,Rx_802.15.4,N/A,90
26.189,Tx_WiFi,2,90
26.1971,Rx_802.15.4,N/A,90
26.1971,Tx_WiFi,1,90
26.6007,Rx_802.15.4,N/A,10
26.6259,Rx_802.15.4,N/A,90
26.6259,Tx_WiFi,2,90
26.6316,Rx_802.15.4,N/A,90
26.6316,Tx_WiFi,2,90
26.6409,Rx_802.15.4,N/A,90
26.6409,Tx_WiFi,2,90
26.6446,Rx_802.15.4,N/A,39
26.6446,Tx_WiFi,2,39
26.6563,Rx_802.15.4,N/A,90
26.6563,Tx_WiFi,2,90
26.6629,Rx_802.15.4,N/A,90
26.6629,Tx_WiFi,2,90
27.0764,Rx_802.15.4,N/A,10
27.118,Rx_802.15.4,N/A,90
27.118,Tx_WiFi,2,90
27.1244,Rx_802.15.4,N/A,90
27.1244,Tx_WiFi,2,90
27.134,Rx_802.15.4,N/A,90
27.134,Tx_WiFi,2,90
27.14,Rx_802.15.4,N/A,90
27.14,Tx_WiFi,2,90
27.1444,Rx_802.15.4,N/A,90
27.1444,Tx_WiFi,2,90
27.15,Rx_802.15.4,N/A,90
27.15,Tx_WiFi,2,90
27.1567,Rx_802.15.4,N/A,90
27.1567,Tx_WiFi,2,90
27.1651,Rx_802.15.4,N/A,90
27.1651,Tx_WiFi,1,90
27.6112,Rx_802.15.4,N/A,90
27.6112,Tx_WiFi,2,90
27.6168,Rx_802.15.4,N/A,90
27.6168,Tx_WiFi,2,90
27.6281,Rx_802.15.4,N/A,90
27.6281,Tx_WiFi,2,90
27.6328,Rx_802.15.4,N/A,90
27.6328,Tx_WiFi,2,90
27.6379,Rx_802.15.4,N/A,90
27.6379,Tx_WiFi,2,90
27.642,Rx_802.15.4,N/A,90
27.642,Tx_WiFi,2,90
27.647,Rx_802.15.4,N/A,90
27.647,Tx_WiFi,2,90
27.6566,Rx_802.15.4,N/A,90
27.6566,Tx_WiFi,2,90
27.6616,Rx_802.15.4,N/A,90
27.6616,Tx_WiFi,2,90
27.6742,Rx_802.15.4,N/A,90
27.6742,Tx_WiFi,1,90
28.104,Rx_802.15.4,N/A,90
28.104,Tx_WiFi,2,90
28.1084,Rx_802.15.4,N/A,90
28.1084,Tx_WiFi,2,90
28.118,Rx_802.15.4,N/A,90
28.118,Tx_WiFi,2,90
28.1224,Rx_802.15.4,N/A,90
28.1224,Tx_WiFi,2,90
28.1256,Rx_802.15.4,N/A,51
28.1256,Tx_WiFi,2,51
28.1334,Rx_802.15.4,N/A,90
28.1334,Tx_WiFi,2,90
28.1397,Rx_802.15.4,N/A,90
28.1397,Tx_WiFi,2,90
28.1481,Rx_802.15.4,N/A,90
28.1481,Tx_WiFi,2,90
28.1535,Rx_802.15.4,N/A,90
28.1535,Tx_WiFi,2,90
28.5317,Rx_802.15.4,N/A,10
28.5939,Rx_802.15.4,N/A,90
28.5939,Tx_WiFi,2,90
28.6002,Rx_802.15.4,N/A,90
28.6002,Tx_WiFi,2,90
28.6073,Rx_802.15.4,N/A,90
28.6073,Tx_WiFi,2,90
28.6116,Rx_802.15.4,N/A,38
28.6116,Tx_WiFi,2,38
28.6236,Rx_802.15.4,N/A,90
28.6236,Tx_WiFi,2,90
28.628,Rx_802.15.4,N/A,90
28.628,Tx_WiFi,2,90
28.6384,Rx_802.15.4,N/A,90
28.6384,Tx_WiFi,1,90
29.0445,Rx_802.15.4,N/A,10
29.0851,Rx_802.15.4,N/A,90
29.0851,Tx_WiFi,2,90
29.0898,Rx_802.15.4,N/A,90
29.0898,Tx_WiFi,2,90
29.1004,Rx_802.15.4,N/A,90
29.1004,Tx_WiFi,2,90
29.1064,Rx_802.15.4,N/A,90
29.1064,Tx_WiFi,2,90
29.1108,Rx_802.15.4,N/A,90
29.1108,Tx_WiFi,2,90
29.1168,Rx_802.15.4,N/A,90
29.1168,Tx_WiFi,2,90
29.1215,Rx_802.15.4,N/A,90
29.1215,Tx_WiFi,2,90
29.1331,Rx_802.15.4,N/A,90
29.1331,Tx_WiFi,3,90
29.5772,Rx_802.15.4,N/A,90
29.5772,Tx_WiFi,2,90
29.5816,Rx_802.15.4,N/A,90
29.5816,Tx_WiFi,2,90
29.592,Rx_802.15.4,N/A,90
29.592,Tx_WiFi,2,90
29.598,Rx_802.15.4,N/A,90
29.598,Tx_WiFi,2,90
29.6016,Rx_802.15.4,N/A,57
29.6016,Tx_WiFi,2,57
29.6076,Rx_802.15.4,N/A,90
29.6076,Tx_WiFi,2,90
29.613,Rx_802.15.4,N/A,90
29.613,Tx_WiFi,2,90
29.6233,Rx_802.15.4,N/A,90
29.6233,Tx_WiFi,2,90
29.6293,Rx_802.15.4,N/A,90
29.6293,Tx_WiFi,2,90
30.0391,Rx_802.15.4,N/A,10
30.0688,Rx_802.15.4,N/A,90
30.0688,Tx_WiFi,0,90
30.0741,Rx_802.15.4,N/A,90
30.0741,Tx_WiFi,0,90
30.0835,Rx_802.15.4,N/A,90
30.0835,Tx_WiFi,2,90
30.0885,Rx_802.15.4,N/A,90
30.0885,Tx_WiFi,2,90
30.0979,Rx_802.15.4,N/A,90
30.0979,Tx_WiFi,2,90
30.1029,Rx_802.15.4,N/A,90
30.1029,Tx_WiFi,2,90
30.1152,Rx_802.15.4,N/A,90
30.1152,Tx_WiFi,1,90
30.5596,Rx_802.15.4,N/A,90
30.5596,Tx_WiFi,2,90
30.5663,Rx_802.15.4,N/A,90
30.5663,Tx_WiFi,2,90
30.5769,Rx_802.15.4,N/A,90
30.5769,Tx_WiFi,2,90
30.5836,Rx_802.15.4,N/A,90
30.5836,Tx_WiFi,2,90
30.5899,Rx_802.15.4,N/A,90
30.5899,Tx_WiFi,2,90
30.6067,Rx_802.15.4,N/A,90
30.6067,Tx_WiFi,2,90
30.6117,Rx_802.15.4,N/A,39
30.6117,Tx_WiFi,2,39
30.622,Rx_802.15.4,N/A,90
30.622,Tx_WiFi,2,90
30.6284,Rx_802.15.4,N/A,90
30.6284,Tx_WiFi,2,90
31.0193,Rx_802.15.4,N/A,10
31.0505,Rx_802.15.4,N/A,90
31.0505,Tx_WiFi,2,90
31.0562,Rx_802.15.4,N/A,90
31.0562,Tx_WiFi,2,90
31.0675,Rx_802.15.4,N/A,90
31.0675,Tx_WiFi,2,90
31.0722,Rx_802.15.4,N/A,90
31.0722,Tx_WiFi,2,90
31.0782,Rx_802.15.4,N/A,90
31.0782,Tx_WiFi,2,90
31.0825,Rx_802.15.4,N/A,90
31.0825,Tx_WiFi,2,90
31.0882,Rx_802.15.4,N/A,90
31.0882,Tx_WiFi,2,90
31.0969,Rx_802.15.4,N/A,90
31.0969,Tx_WiFi,0,90
31.5068,Rx_802.15.4,N/A,10
31.5436,Rx_802.15.4,N/A,90
31.5436,Tx_WiFi,2,90
31.5493,Rx_802.15.4,N/A,90
31.5493,Tx_WiFi,2,90
31.5587,Rx_802.15.4,N/A,90
31.5587,Tx_WiFi,2,90
31.564,Rx_802.15.4,N/A,90
31.564,Tx_WiFi,2,90
31.5691,Rx_802.15.4,N/A,50
31.5691,Tx_WiFi,2,50
31.5735,Rx_802.15.4,N/A,90
31.5735,Tx_WiFi,2,90
31.5802,Rx_802.15.4,N/A,90
31.5802,Tx_WiFi,2,90
31.5894,Rx_802.15.4,N/A,90
31.5894,Tx_WiFi,3,90
31.6039,Rx_802.15.4,N/A,74
31.6039,Tx_WiFi,3,74
31.9993,Rx_802.15.4,N/A,10
32.0348,Rx_802.15.4,N/A,90
32.0348,Tx_WiFi,2,90
32.0399,Rx_802.15.4,N/A,90
32.0399,Tx_WiFi,2,90
32.0505,Rx_802.15.4,N/A,90
32.0505,Tx_WiFi,2,90
32.0565,Rx_802.15.4,N/A,90
32.0565,Tx_WiFi,2,90
32.0809,Rx_802.15.4,N/A,90
32.0809,Tx_WiFi,2,90
32.086,Rx_802.15.4,N/A,90
32.086,Tx_WiFi,2,90
32.5238,Rx_802.15.4,N/A,90
32.5238,Tx_WiFi,2,90
32.5292,Rx_802.15.4,N/A,90
32.5292,Tx_WiFi,2,90
32.5411,Rx_802.15.4,N/A,90
32.5411,Tx_WiFi,2,90
32.5455,Rx_802.15.4,N/A,90
32.5455,Tx_WiFi,2,90
32.5515,Rx_802.15.4,N/A,90
32.5515,Tx_WiFi,2,90
32.5579,Rx_802.15.4,N/A,90
32.5579,Tx_WiFi,2,90
32.5628,Rx_802.15.4,N/A,37
32.5628,Tx_WiFi,2,37
32.5852,Rx_802.15.4,N/A,90
32.5852,Tx_WiFi,2,90
32.5912,Rx_802.15.4,N/A,90
32.5912,Tx_WiFi,2,90
32.6022,Rx_802.15.4,N/A,90
32.6022,Tx_WiFi,1,90
32.9592,Rx_802.15.4,N/A,10
33.016,Rx_802.15.4,N/A,90
33.016,Tx_WiFi,2,90
33.0216,Rx_802.15.4,N/A,90
33.0216,Tx_WiFi,2,90
33.032,Rx_802.15.4,N/A,90
33.032,Tx_WiFi,2,90
33.0383,Rx_802.15.4,N/A,90
33.0383,Tx_WiFi,2,90
33.0443,Rx_802.15.4,N/A,90
33.0443,Tx_WiFi,2,90
33.0484,Rx_802.15.4,N/A,90
33.0484,Tx_WiFi,2,90
33.0541,Rx_802.15.4,N/A,90
33.0541,Tx_WiFi,2,90
33.063,Rx_802.15.4,N/A,90
33.063,Tx_WiFi,1,90
33.5097,Rx_802.15.4,N/A,90
33.5097,Tx_WiFi,2,90
33.516,Rx_802.15.4,N/A,90
33.516,Tx_WiFi,2,90
33.5264,Rx_802.15.4,N/A,90
33.5264,Tx_WiFi,3,90
33.5324,Rx_802.15.4,N/A,90
33.5324,Tx_WiFi,3,90
33.5373,Rx_802.15.4,N/A,58
33.5373,Tx_WiFi,3,58
33.5414,Rx_802.15.4,N/A,90
33.5414,Tx_WiFi,2,90
33.5474,Rx_802.15.4,N/A,90
33.5474,Tx_WiFi,2,90
33.5571,Rx_802.15.4,N/A,90
33.5571,Tx_WiFi,2,90
33.5634,Rx_802.15.4,N/A,90
33.5634,Tx_WiFi,2,90
33.972,Rx_802.15.4,N/A,10
33.9822,Rx_802.15.4,N/A,10
34.0006,Rx_802.15.4,N/A,90
34.0006,Tx_WiFi,2,90
34.0033,Rx_802.15.4,N/A,38
34.0033,Tx_WiFi,2,38
34.0153,Rx_802.15.4,N/A,90
34.0153,Tx_WiFi,2,90
34.0204,Rx_802.15.4,N/A,90
34.0204,Tx_WiFi,2,90
34.0323,Rx_802.15.4,N/A,90
34.0323,Tx_WiFi,2,90
34.0373,Rx_802.15.4,N/A,90
34.0373,Tx_WiFi,2,90
34.0464,Rx_802.15.4,N/A,90
34.0464,Tx_WiFi,1,90
34.4628,Rx_802.15.4,N/A,10
34.4912,Rx_802.15.4,N/A,90
34.4912,Tx_WiFi,2,90
34.4959,Rx_802.15.4,N/A,90
34.4959,Tx_WiFi,2,90
34.5009,Rx_802.15.4,N/A,90
34.5009,Tx_WiFi,2,90
34.5081,Rx_802.15.4,N/A,90
34.5081,Tx_WiFi,3,90
34.5127,Rx_802.15.4,N/A,37
34.5127,Tx_WiFi,3,37
34.5219,Rx_802.15.4,N/A,90
34.5219,Tx_WiFi,2,90
34.5272,Rx_802.15.4,N/A,90
34.5272,Tx_WiFi,2,90
34.5518,Rx_802.15.4,N/A,66
34.5518,Tx_WiFi,3,66
34.9262,Rx_802.15.4,N/A,10
34.983,Rx_802.15.4,N/A,90
34.983,Tx_WiFi,2,90
34.989,Rx_802.15.4,N/A,90
34.989,Tx_WiFi,2,90
34.9974,Rx_802.15.4,N/A,90
34.9974,Tx_WiFi,2,90
35.0037,Rx_802.15.4,N/A,90
35.0037,Tx_WiFi,2,90
35.0074,Rx_802.15.4,N/A,47
35.0074,Tx_WiFi,2,47
35.03,Rx_802.15.4,N/A,90
35.03,Tx_WiFi,2,90
35.0351,Rx_802.15.4,N/A,90
35.0351,Tx_WiFi,2,90
35.0441,Rx_802.15.4,N/A,90
35.0441,Tx_WiFi,1,90
35.437,Rx_802.15.4,N/A,10
35.4748,Rx_802.15.4,N/A,90
35.4748,Tx_WiFi,2,90
35.4808,Rx_802.15.4,N/A,90
35.4808,Tx_WiFi,2,90
35.4896,Rx_802.15.4,N/A,90
35.4896,Tx_WiFi,2,90
35.494,Rx_802.15.4,N/A,90
35.494,Tx_WiFi,2,90
35.5046,Rx_802.15.4,N/A,90
35.5046,Tx_WiFi,2,90
35.51,Rx_802.15.4,N/A,90
35.51,Tx_WiFi,2,90
35.5206,Rx_802.15.4,N/A,90
35.5206,Tx_WiFi,1,90
35.9667,Rx_802.15.4,N/A,90
35.9667,Tx_WiFi,2,90
35.9724,Rx_802.15.4,N/A,90
35.9724,Tx_WiFi,2,90
35.982,Rx_802.15.4,N/A,90
35.982,Tx_WiFi,2,90
35.9884,Rx_802.15.4,N/A,90
35.9884,Tx_WiFi,2,90
35.9937,Rx_802.15.4,N/A,90
35.9937,Tx_WiFi,2,90
36.0134,Rx_802.15.4,N/A,90
36.0134,Tx_WiFi,2,90
36.0178,Rx_802.15.4,N/A,90
36.0178,Tx_WiFi,2,90
36.0278,Rx_802.15.4,N/A,90
36.0278,Tx_WiFi,2,90
36.0325,Rx_802.15.4,N/A,90
36.0325,Tx_WiFi,2,90
36.4572,Rx_802.15.4,N/A,90
36.4572,Tx_WiFi,2,90
36.4623,Rx_802.15.4,N/A,90
36.4623,Tx_WiFi,2,90
36.4723,Rx_802.15.4,N/A,90
36.4723,Tx_WiFi,2,90
36.4786,Rx_802.15.4,N/A,90
36.4786,Tx_WiFi,2,90
36.4849,Rx_802.15.4,N/A,90
36.4849,Tx_WiFi,2,90
36.4892,Rx_802.15.4,N/A,90
36.4892,Tx_WiFi,2,90
36.4938,Rx_802.15.4,N/A,36
36.4938,Tx_WiFi,2,36
36.5033,Rx_802.15.4,N/A,90
36.5033,Tx_WiFi,2,90
36.508,Rx_802.15.4,N/A,39
36.508,Tx_WiFi,2,39
36.518,Rx_802.15.4,N/A,90
36.518,Tx_WiFi,0,90
36.9296,Rx_802.15.4,N/A,10
36.9366,Rx_802.15.4,N/A,10
36.9497,Rx_802.15.4,N/A,90
36.9497,Tx_WiFi,2,90
36.9564,Rx_802.15.4,N/A,90
36.9564,Tx_WiFi,2,90
36.9648,Rx_802.15.4,N/A,90
36.9648,Tx_WiFi,2,90
36.9701,Rx_802.15.4,N/A,90
36.9701,Tx_WiFi,2,90
36.9737,Rx_802.15.4,N/A,45
36.9737,Tx_WiFi,2,45
36.9801,Rx_802.15.4,N/A,90
36.9801,Tx_WiFi,1,90
37.3801,Rx_802.15.4,N/A,10
37.4393,Rx_802.15.4,N/A,90
37.4393,Tx_WiFi,2,90
37.445,Rx_802.15.4,N/A,90
37.445,Tx_WiFi,2,90
37.4547,Rx_802.15.4,N/A,90
37.4547,Tx_WiFi,2,90
37.4597,Rx_802.15.4,N/A,90
37.4597,Tx_WiFi,2,90
37.471,Rx_802.15.4,N/A,90
37.471,Tx_WiFi,2,90
37.4754,Rx_802.15.4,N/A,90
37.4754,Tx_WiFi,2,90
37.934,Rx_802.15.4,N/A,90
37.934,Tx_WiFi,2,90
37.9394,Rx_802.15.4,N/A,90
37.9394,Tx_WiFi,2,90
37.9478,Rx_802.15.4,N/A,90
37.9478,Tx_WiFi,2,90
37.9541,Rx_802.15.4,N/A,90
37.9541,Tx_WiFi,2,90
37.9601,Rx_802.15.4,N/A,90
37.9601,Tx_WiFi,2,90
37.9649,Rx_802.15.4,N/A,90
37.9649,Tx_WiFi,2,90
37.9683,Rx_802.15.4,N/A,39
37.9683,Tx_WiFi,2,39
37.9779,Rx_802.15.4,N/A,90
37.9779,Tx_WiFi,2,90
37.9842,Rx_802.15.4,N/A,90
37.9842,Tx_WiFi,2,90
37.9955,Rx_802.15.4,N/A,90
37.9955,Tx_WiFi,1,90
38.3897,Rx_802.15.4,N/A,10
38.4224,Rx_802.15.4,N/A,90
38.4224,Tx_WiFi,2,90
38.428,Rx_802.15.4,N/A,90
38.428,Tx_WiFi,2,90
38.4377,Rx_802.15.4,N/A,90
38.4377,Tx_WiFi,2,90
38.4434,Rx_802.15.4,N/A,90
38.4434,Tx_WiFi,2,90
38.4491,Rx_802.15.4,N/A,90
38.4491,Tx_WiFi,2,90
38.4544,Rx_802.15.4,N/A,90
38.4544,Tx_WiFi,2,90
38.4588,Rx_802.15.4,N/A,90
38.4588,Tx_WiFi,2,90
38.4684,Rx_802.15.4,N/A,90
38.4684,Tx_WiFi,0,90
38.8625,Rx_802.15.4,N/A,10
38.9158,Rx_802.15.4,N/A,90
38.9158,Tx_WiFi,2,90
38.9221,Rx_802.15.4,N/A,90
38.9221,Tx_WiFi,2,90
38.9308,Rx_802.15.4,N/A,90
38.9308,Tx_WiFi,2,90
38.9359,Rx_802.15.4,N/A,90
38.9359,Tx_WiFi,2,90
38.9405,Rx_802.15.4,N/A,48
38.9405,Tx_WiFi,2,48
38.9468,Rx_802.15.4,N/A,90
38.9468,Tx_WiFi,2,90
38.9512,Rx_802.15.4,N/A,90
38.9512,Tx_WiFi,2,90
38.9606,Rx_802.15.4,N/A,90
38.9606,Tx_WiFi,2,90
38.9669,Rx_802.15.4,N/A,90
38.9669,Tx_WiFi,2,90
39.3589,Rx_802.15.4,N/A,10
39.4083,Rx_802.15.4,N/A,90
39.4083,Tx_WiFi,2,90
39.4143,Rx_802.15.4,N/A,90
39.4143,Tx_WiFi,2,90
39.4224,Rx_802.15.4,N/A,90
39.4224,Tx_WiFi,0,90
39.4274,Rx_802.15.4,N/A,90
39.4274,Tx_WiFi,0,90
39.4384,Rx_802.15.4,N/A,90
39.4384,Tx_WiFi,3,90
39.4447,Rx_802.15.4,N/A,90
39.4447,Tx_WiFi,3,90
39.4544,Rx_802.15.4,N/A,90
39.4544,Tx_WiFi,1,90
39.4673,Rx_802.15.4,N/A,73
39.4673,Tx_WiFi,3,73
39.8995,Rx_802.15.4,N/A,90
39.8995,Tx_WiFi,2,90
39.9058,Rx_802.15.4,N/A,90
39.9058,Tx_WiFi,2,90
39.9126,Rx_802.15.4,N/A,90
39.9126,Tx_WiFi,2,90
39.917,Rx_802.15.4,N/A,90
39.917,Tx_WiFi,2,90
39.922,Rx_802.15.4,N/A,90
39.922,Tx_WiFi,2,90
39.9299,Rx_802.15.4,N/A,90
39.9299,Tx_WiFi,2,90
39.9325,Rx_802.15.4,N/A,36
39.9325,Tx_WiFi,2,36
39.9433,Rx_802.15.4,N/A,90
39.9433,Tx_WiFi,2,90
39.9487,Rx_802.15.4,N/A,90
39.9487,Tx_WiFi,2,90
40.3707,Rx_802.15.4,N/A,10
40.391,Rx_802.15.4,N/A,90
40.391,Tx_WiFi,2,90
40.3964,Rx_802.15.4,N/A,90
40.3964,Tx_WiFi,2,90
40.4044,Rx_802.15.4,N/A,90
40.4044,Tx_WiFi,2,90
40.4088,Rx_802.15.4,N/A,90
40.4088,Tx_WiFi,2,90
40.4142,Rx_802.15.4,N/A,90
40.4142,Tx_WiFi,2,90
40.4214,Rx_802.15.4,N/A,90
40.4214,Tx_WiFi,2,90
40.428,Rx_802.15.4,N/A,90
40.428,Tx_WiFi,2,90
40.4368,Rx_802.15.4,N/A,90
40.4368,Tx_WiFi,1,90
40.8832,Rx_802.15.4,N/A,90
40.8832,Tx_WiFi,2,90
40.8888,Rx_802.15.4,N/A,90
40.8888,Tx_WiFi,2,90
40.8963,Rx_802.15.4,N/A,90
40.8963,Tx_WiFi,2,90
40.9023,Rx_802.15.4,N/A,90
40.9023,Tx_WiFi,2,90
40.9066,Rx_802.15.4,N/A,39
40.9066,Tx_WiFi,2,39
40.9139,Rx_802.15.4,N/A,90
40.9139,Tx_WiFi,2,90
40.9183,Rx_802.15.4,N/A,90
40.9183,Tx_WiFi,2,90
40.9286,Rx_802.15.4,N/A,90
40.9286,Tx_WiFi,2,90
40.933,Rx_802.15.4,N/A,90
40.933,Tx_WiFi,2,90
40.9424,Rx_802.15.4,N/A,90
40.9424,Tx_WiFi,1,90
41.3177,Rx_802.15.4,N/A,10
41.3734,Rx_802.15.4,N/A,90
41.3734,Tx_WiFi,2,90
41.38,Rx_802.15.4,N/A,90
41.38,Tx_WiFi,2,90
41.3907,Rx_802.15.4,N/A,90
41.3907,Tx_WiFi,2,90
41.3954,Rx_802.15.4,N/A,90
41.3954,Tx_WiFi,2,90
41.406,Rx_802.15.4,N/A,90
41.406,Tx_WiFi,2,90
41.4111,Rx_802.15.4,N/A,90
41.4111,Tx_WiFi,2,90
41.864,Rx_802.15.4,N/A,90
41.864,Tx_WiFi,2,90
41.869,Rx_802.15.4,N/A,90
41.869,Tx_WiFi,2,90
41.8793,Rx_802.15.4,N/A,90
41.8793,Tx_WiFi,2,90
41.886,Rx_802.15.4,N/A,90
41.886,Tx_WiFi,2,90
41.8916,Rx_802.15.4,N/A,90
41.8916,Tx_WiFi,2,90
41.8955,Rx_802.15.4,N/A,90
41.8955,Tx_WiFi,2,90
41.9004,Rx_802.15.4,N/A,38
41.9004,Tx_WiFi,2,38
41.9097,Rx_802.15.4,N/A,90
41.9097,Tx_WiFi,2,90
41.916,Rx_802.15.4,N/A,90
41.916,Tx_WiFi,2,90
41.9251,Rx_802.15.4,N/A,90
41.9251,Tx_WiFi,1,90
42.2977,Rx_802.15.4,N/A,10
42.3548,Rx_802.15.4,N/A,90
42.3548,Tx_WiFi,2,90
42.3615,Rx_802.15.4,N/A,90
42.3615,Tx_WiFi,2,90
42.3708,Rx_802.15.4,N/A,90
42.3708,Tx_WiFi,2,90
42.3775,Rx_802.15.4,N/A,90
42.3775,Tx_WiFi,2,90
42.3829,Rx_802.15.4,N/A,52
42.3829,Tx_WiFi,2,52
42.3908,Rx_802.15.4,N/A,90
42.3908,Tx_WiFi,2,90
42.3955,Rx_802.15.4,N/A,90
42.3955,Tx_WiFi,2,90
42.4025,Rx_802.15.4,N/A,90
42.4025,Tx_WiFi,3,90
42.818,Rx_802.15.4,N/A,10
42.8467,Rx_802.15.4,N/A,90
42.8467,Tx_WiFi,2,90
42.852,Rx_802.15.4,N/A,90
42.852,Tx_WiFi,2,90
42.8633,Rx_802.15.4,N/A,90
42.8633,Tx_WiFi,2,90
42.8696,Rx_802.15.4,N/A,90
42.8696,Tx_WiFi,2,90
42.8774,Rx_802.15.4,N/A,90
42.8774,Tx_WiFi,2,90
42.8821,Rx_802.15.4,N/A,90
42.8821,Tx_WiFi,2,90
43.3372,Rx_802.15.4,N/A,90
43.3372,Tx_WiFi,2,90
43.3426,Rx_802.15.4,N/A,90
43.3426,Tx_WiFi,2,90
43.3539,Rx_802.15.4,N/A,90
43.3539,Tx_WiFi,2,90
43.3602,Rx_802.15.4,N/A,90
43.3602,Tx_WiFi,2,90
43.3659,Rx_802.15.4,N/A,90
43.3659,Tx_WiFi,2,90
43.383,Rx_802.15.4,N/A,90
43.383,Tx_WiFi,2,90
43.3896,Rx_802.15.4,N/A,90
43.3896,Tx_WiFi,2,90
43.399,Rx_802.15.4,N/A,90
43.399,Tx_WiFi,2,90
43.404,Rx_802.15.4,N/A,90
43.404,Tx_WiFi,2,90
43.415,Rx_802.15.4,N/A,90
43.415,Tx_WiFi,1,90
43.7995,Rx_802.15.4,N/A,10
43.8304,Rx_802.15.4,N/A,90
43.8304,Tx_WiFi,0,90
43.8348,Rx_802.15.4,N/A,90
43.8348,Tx_WiFi,0,90
43.8451,Rx_802.15.4,N/A,90
43.8451,Tx_WiFi,2,90
43.8498,Rx_802.15.4,N/A,90
43.8498,Tx_WiFi,2,90
43.8555,Rx_802.15.4,N/A,90
43.8555,Tx_WiFi,2,90
43.8627,Rx_802.15.4,N/A,90
43.8627,Tx_WiFi,0,90
43.8673,Rx_802.15.4,N/A,37
43.8673,Tx_WiFi,0,37
43.8774,Rx_802.15.4,N/A,90
43.8774,Tx_WiFi,2,90
43.8824,Rx_802.15.4,N/A,90
43.8824,Tx_WiFi,2,90
44.2834,Rx_802.15.4,N/A,10
44.3209,Rx_802.15.4,N/A,90
44.3209,Tx_WiFi,0,90
44.3253,Rx_802.15.4,N/A,90
44.3253,Tx_WiFi,0,90
44.3369,Rx_802.15.4,N/A,90
44.3369,Tx_WiFi,2,90
44.3426,Rx_802.15.4,N/A,90
44.3426,Tx_WiFi,2,90
44.3459,Rx_802.15.4,N/A,55
44.3459,Tx_WiFi,2,55
44.3532,Rx_802.15.4,N/A,90
44.3532,Tx_WiFi,2,90
44.3599,Rx_802.15.4,N/A,90
44.3599,Tx_WiFi,2,90
44.368,Rx_802.15.4,N/A,90
44.368,Tx_WiFi,1,90
44.3832,Rx_802.15.4,N/A,76
44.3832,Tx_WiFi,3,76
44.7523,Rx_802.15.4,N/A,10
44.8124,Rx_802.15.4,N/A,90
44.8124,Tx_WiFi,2,90
44.8184,Rx_802.15.4,N/A,90
44.8184,Tx_WiFi,2,90
44.8275,Rx_802.15.4,N/A,90
44.8275,Tx_WiFi,0,90
44.8328,Rx_802.15.4,N/A,90
44.8328,Tx_WiFi,0,90
44.8441,Rx_802.15.4,N/A,90
44.8441,Tx_WiFi,2,90
44.8485,Rx_802.15.4,N/A,90
44.8485,Tx_WiFi,2,90
44.8598,Rx_802.15.4,N/A,90
44.8598,Tx_WiFi,1,90
45.3049,Rx_802.15.4,N/A,90
45.3049,Tx_WiFi,2,90
45.3103,Rx_802.15.4,N/A,90
45.3103,Tx_WiFi,2,90
45.3203,Rx_802.15.4,N/A,90
45.3203,Tx_WiFi,2,90
45.3256,Rx_802.15.4,N/A,90
45.3256,Tx_WiFi,2,90
45.331,Rx_802.15.4,N/A,90
45.331,Tx_WiFi,2,90
45.3363,Rx_802.15.4,N/A,90
45.3363,Tx_WiFi,2,90
45.3416,Rx_802.15.4,N/A,90
45.3416,Tx_WiFi,2,90
45.35,Rx_802.15.4,N/A,90
45.35,Tx_WiFi,2,90
45.3554,Rx_802.15.4,N/A,90
45.3554,Tx_WiFi,2,90
45.7964,Rx_802.15.4,N/A,90
45.7964,Tx_WiFi,2,90
45.8012,Rx_802.15.4,N/A,90
45.8012,Tx_WiFi,2,90
45.8134,Rx_802.15.4,N/A,90
45.8134,Tx_WiFi,2,90
45.8184,Rx_802.15.4,N/A,90
45.8184,Tx_WiFi,2,90
45.8238,Rx_802.15.4,N/A,90
45.8238,Tx_WiFi,2,90
45.8278,Rx_802.15.4,N/A,90
45.8278,Tx_WiFi,2,90
45.8328,Rx_802.15.4,N/A,39
45.8328,Tx_WiFi,2,39
45.8444,Rx_802.15.4,N/A,90
45.8444,Tx_WiFi,2,90
45.8495,Rx_802.15.4,N/A,90
45.8495,Tx_WiFi,2,90
45.8588,Rx_802.15.4,N/A,90
45.8588,Tx_WiFi,3,90
46.226,Rx_802.15.4,N/A,10
46.288,Rx_802.15.4,N/A,90
46.288,Tx_WiFi,2,90
46.2936,Rx_802.15.4,N/A,90
46.2936,Tx_WiFi,2,90
46.3043,Rx_802.15.4,N/A,90
46.3043,Tx_WiFi,2,90
46.3096,Rx_802.15.4,N/A,90
46.3096,Tx_WiFi,2,90
46.3143,Rx_802.15.4,N/A,49
46.3143,Tx_WiFi,2,49
46.3193,Rx_802.15.4,N/A,90
46.3193,Tx_WiFi,2,90
46.325,Rx_802.15.4,N/A,90
46.325,Tx_WiFi,2,90
46.3347,Rx_802.15.4,N/A,90
46.3347,Tx_WiFi,1,90
46.7293,Rx_802.15.4,N/A,10
46.7814,Rx_802.15.4,N/A,90
46.7814,Tx_WiFi,2,90
46.7877,Rx_802.15.4,N/A,90
46.7877,Tx_WiFi,2,90
46.7958,Rx_802.15.4,N/A,90
46.7958,Tx_WiFi,2,90
46.8012,Rx_802.15.4,N/A,90
46.8012,Tx_WiFi,2,90
46.8105,Rx_802.15.4,N/A,90
46.8105,Tx_WiFi,2,90
46.8156,Rx_802.15.4,N/A,90
46.8156,Tx_WiFi,2,90
47.2489,Rx_802.15.4,N/A,10
47.2729,Rx_802.15.4,N/A,90
47.2729,Tx_WiFi,2,90
47.2776,Rx_802.15.4,N/A,90
47.2776,Tx_WiFi,2,90
47.2864,Rx_802.15.4,N/A,90
47.2864,Tx_WiFi,2,90
47.2914,Rx_802.15.4,N/A,90
47.2914,Tx_WiFi,2,90
47.2974,Rx_802.15.4,N/A,90
47.2974,Tx_WiFi,2,90
47.302,Rx_802.15.4,N/A,90
47.302,Tx_WiFi,2,90
47.3087,Rx_802.15.4,N/A,90
47.3087,Tx_WiFi,2,90
47.3177,Rx_802.15.4,N/A,90
47.3177,Tx_WiFi,2,90
47.3228,Rx_802.15.4,N/A,90
47.3228,Tx_WiFi,2,90
47.3328,Rx_802.15.4,N/A,90
47.3328,Tx_WiFi,3,90
47.7635,Rx_802.15.4,N/A,90
47.7635,Tx_WiFi,2,90
47.7682,Rx_802.15.4,N/A,90
47.7682,Tx_WiFi,2,90
47.7776,Rx_802.15.4,N/A,90
47.7776,Tx_WiFi,2,90
47.7829,Rx_802.15.4,N/A,90
47.7829,Tx_WiFi,2,90
47.7877,Rx_802.15.4,N/A,42
47.7877,Tx_WiFi,2,42
47.8089,Rx_802.15.4,N/A,90
47.8089,Tx_WiFi,2,90
47.8116,Rx_802.15.4,N/A,36
47.8116,Tx_WiFi,2,36
47.8249,Rx_802.15.4,N/A,90
47.8249,Tx_WiFi,2,90
47.8316,Rx_802.15.4,N/A,90
47.8316,Tx_WiFi,2,90
47.8406,Rx_802.15.4,N/A,90
47.8406,Tx_WiFi,3,90
47.8538,Rx_802.15.4,N/A,73
47.8538,Tx_WiFi,3,73
48.199,Rx_802.15.4,N/A,10
48.2397,Rx_802.15.4,N/A,10
48.2544,Rx_802.15.4,N/A,90
48.2544,Tx_WiFi,2,90
48.2574,Rx_802.15.4,N/A,37
48.2574,Tx_WiFi,2,37
48.2684,Rx_802.15.4,N/A,90
48.2684,Tx_WiFi,2,90
48.2748,Rx_802.15.4,N/A,90
48.2748,Tx_WiFi,2,90
48.7188,Rx_802.15.4,N/A,10
48.7472,Rx_802.15.4,N/A,90
48.7472,Tx_WiFi,2,90
48.7519,Rx_802.15.4,N/A,90
48.7519,Tx_WiFi,2,90
48.7585,Rx_802.15.4,N/A,90
48.7585,Tx_WiFi,2,90
48.7643,Rx_802.15.4,N/A,90
48.7643,Tx_WiFi,0,90
48.7693,Rx_802.15.4,N/A,90
48.7693,Tx_WiFi,0,90
48.7776,Rx_802.15.4,N/A,90
48.7776,Tx_WiFi,2,90
48.7826,Rx_802.15.4,N/A,90
48.7826,Tx_WiFi,2,90
48.7926,Rx_802.15.4,N/A,90
48.7926,Tx_WiFi,1,90
49.2387,Rx_802.15.4,N/A,90
49.2387,Tx_WiFi,2,90
49.2437,Rx_802.15.4,N/A,90
49.2437,Tx_WiFi,2,90
49.2521,Rx_802.15.4,N/A,90
49.2521,Tx_WiFi,2,90
49.2575,Rx_802.15.4,N/A,90
49.2575,Tx_WiFi,2,90
49.2635,Rx_802.15.4,N/A,90
49.2635,Tx_WiFi,2,90
49.2676,Rx_802.15.4,N/A,90
49.2676,Tx_WiFi,3,90
49.2718,Rx_802.15.4,N/A,35
49.2718,Tx_WiFi,3,35
49.2838,Rx_802.15.4,N/A,90
49.2838,Tx_WiFi,2,90
49.2898,Rx_802.15.4,N/A,90
49.2898,Tx_WiFi,2,90
49.6794,Rx_802.15.4,N/A,10
49.7289,Rx_802.15.4,N/A,90
49.7289,Tx_WiFi,2,90
49.7336,Rx_802.15.4,N/A,90
49.7336,Tx_WiFi,2,90
49.744,Rx_802.15.4,N/A,90
49.744,Tx_WiFi,2,90
49.7493,Rx_802.15.4,N/A,90
49.7493,Tx_WiFi,2,90
49.7525,Rx_802.15.4,N/A,44
49.7525,Tx_WiFi,2,44
49.76,Rx_802.15.4,N/A,90
49.76,Tx_WiFi,2,90
49.7644,Rx_802.15.4,N/A,90
49.7644,Tx_WiFi,2,90
49.7753,Rx_802.15.4,N/A,90
49.7753,Tx_WiFi,1,90
50.1599,Rx_802.15.4,N/A,10
50.2204,Rx_802.15.4,N/A,90
50.2204,Tx_WiFi,2,90
50.2271,Rx_802.15.4,N/A,90
50.2271,Tx_WiFi,2,90
50.2358,Rx_802.15.4,N/A,90
50.2358,Tx_WiFi,2,90
50.2412,Rx_802.15.4,N/A,90
50.2412,Tx_WiFi,2,90
50.2502,Rx_802.15.4,N/A,90
50.2502,Tx_WiFi,2,90
50.2539,Rx_802.15.4,N/A,38
50.2539,Tx_WiFi,2,38
50.2652,Rx_802.15.4,N/A,90
50.2652,Tx_WiFi,1,90
50.6482,Rx_802.15.4,N/A,10
50.7113,Rx_802.15.4,N/A,90
50.7113,Tx_WiFi,2,90
50.7173,Rx_802.15.4,N/A,90
50.7173,Tx_WiFi,2,90
50.7257,Rx_802.15.4,N/A,90
50.7257,Tx_WiFi,2,90
50.7304,Rx_802.15.4,N/A,90
50.7304,Tx_WiFi,2,90
50.7355,Rx_802.15.4,N/A,90
50.7355,Tx_WiFi,2,90
50.7424,Rx_802.15.4,N/A,90
50.7424,Tx_WiFi,2,90
50.7487,Rx_802.15.4,N/A,90
50.7487,Tx_WiFi,2,90
51.177,Rx_802.15.4,N/A,10
51.2044,Rx_802.15.4,N/A,90
51.2044,Tx_WiFi,2,90
51.2108,Rx_802.15.4,N/A,90
51.2108,Tx_WiFi,2,90
51.2188,Rx_802.15.4,N/A,90
51.2188,Tx_WiFi,2,90
51.2252,Rx_802.15.4,N/A,90
51.2252,Tx_WiFi,2,90
51.2308,Rx_802.15.4,N/A,90
51.2308,Tx_WiFi,2,90
51.2518,Rx_802.15.4,N/A,90
51.2518,Tx_WiFi,2,90
51.2545,Rx_802.15.4,N/A,38
51.2545,Tx_WiFi,2,38
51.2652,Rx_802.15.4,N/A,90
51.2652,Tx_WiFi,2,90
51.2696,Rx_802.15.4,N/A,90
51.2696,Tx_WiFi,2,90
51.2816,Rx_802.15.4,N/A,90
51.2816,Tx_WiFi,1,90
51.6409,Rx_802.15.4,N/A,10
51.6947,Rx_802.15.4,N/A,90
51.6947,Tx_WiFi,2,90
51.6997,Rx_802.15.4,N/A,90
51.6997,Tx_WiFi,2,90
51.7097,Rx_802.15.4,N/A,90
51.7097,Tx_WiFi,2,90
51.716,Rx_802.15.4,N/A,90
51.716,Tx_WiFi,2,90
51.7195,Rx_802.15.4,N/A,52
51.7195,Tx_WiFi,2,52
51.7257,Rx_802.15.4,N/A,90
51.7257,Tx_WiFi,2,90
51.729,Rx_802.15.4,N/A,35
51.729,Tx_WiFi,2,35
51.7561,Rx_802.15.4,N/A,90
51.7561,Tx_WiFi,1,90
51.7724,Rx_802.15.4,N/A,67
51.7724,Tx_WiFi,3,67
52.1277,Rx_802.15.4,N/A,10
52.142,Rx_802.15.4,N/A,10
52.1849,Rx_802.15.4,N/A,90
52.1849,Tx_WiFi,2,90
52.1912,Rx_802.15.4,N/A,90
52.1912,Tx_WiFi,2,90
52.2022,Rx_802.15.4,N/A,90
52.2022,Tx_WiFi,2,90
52.2072,Rx_802.15.4,N/A,90
52.2072,Tx_WiFi,2,90
52.6793,Rx_802.15.4,N/A,90
52.6793,Tx_WiFi,0,90
52.684,Rx_802.15.4,N/A,90
52.684,Tx_WiFi,0,90
52.695,Rx_802.15.4,N/A,90
52.695,Tx_WiFi,2,90
52.7007,Rx_802.15.4,N/A,90
52.7007,Tx_WiFi,2,90
52.7051,Rx_802.15.4,N/A,90
52.7051,Tx_WiFi,2,90
52.7094,Rx_802.15.4,N/A,90
52.7094,Tx_WiFi,2,90
52.716,Rx_802.15.4,N/A,90
52.716,Tx_WiFi,2,90
52.726,Rx_802.15.4,N/A,90
52.726,Tx_WiFi,2,90
52.7311,Rx_802.15.4,N/A,90
52.7311,Tx_WiFi,2,90
52.7404,Rx_802.15.4,N/A,90
52.7404,Tx_WiFi,0,90
53.1692,Rx_802.15.4,N/A,90
53.1692,Tx_WiFi,2,90
53.1756,Rx_802.15.4,N/A,90
53.1756,Tx_WiFi,2,90
53.1836,Rx_802.15.4,N/A,90
53.1836,Tx_WiFi,2,90
53.188,Rx_802.15.4,N/A,90
53.188,Tx_WiFi,2,90
53.1929,Rx_802.15.4,N/A,54
53.1929,Tx_WiFi,2,54
53.2134,Rx_802.15.4,N/A,90
53.2134,Tx_WiFi,2,90
53.2161,Rx_802.15.4,N/A,36
53.2161,Tx_WiFi,2,36
53.23,Rx_802.15.4,N/A,90
53.23,Tx_WiFi,2,90
53.2367,Rx_802.15.4,N/A,90
53.2367,Tx_WiFi,2,90
53.644,Rx_802.15.4,N/A,10
53.6475,Rx_802.15.4,N/A,10
53.662,Rx_802.15.4,N/A,90
53.662,Tx_WiFi,2,90
53.6671,Rx_802.15.4,N/A,90
53.6671,Tx_WiFi,2,90
53.6777,Rx_802.15.4,N/A,90
53.6777,Tx_WiFi,2,90
53.6828,Rx_802.15.4,N/A,90
53.6828,Tx_WiFi,2,90
53.6924,Rx_802.15.4,N/A,90
53.6924,Tx_WiFi,1,90
54.1536,Rx_802.15.4,N/A,90
54.1536,Tx_WiFi,2,90
54.1599,Rx_802.15.4,N/A,90
54.1599,Tx_WiFi,2,90
54.1692,Rx_802.15.4,N/A,90
54.1692,Tx_WiFi,2,90
54.1752,Rx_802.15.4,N/A,90
54.1752,Tx_WiFi,2,90
54.1819,Rx_802.15.4,N/A,90
54.1819,Tx_WiFi,2,90
54.2,Rx_802.15.4,N/A,90
54.2,Tx_WiFi,0,90
54.2047,Rx_802.15.4,N/A,90
54.2047,Tx_WiFi,0,90
54.216,Rx_802.15.4,N/A,90
54.216,Tx_WiFi,2,90
54.2207,Rx_802.15.4,N/A,90
54.2207,Tx_WiFi,2,90
54.2307,Rx_802.15.4,N/A,90
54.2307,Tx_WiFi,1,90
54.6441,Rx_802.15.4,N/A,90
54.6441,Tx_WiFi,2,90
54.6488,Rx_802.15.4,N/A,90
54.6488,Tx_WiFi,2,90
54.6601,Rx_802.15.4,N/A,90
54.6601,Tx_WiFi,2,90
54.6652,Rx_802.15.4,N/A,90
54.6652,Tx_WiFi,2,90
54.6715,Rx_802.15.4,N/A,90
54.6715,Tx_WiFi,2,90
54.6799,Rx_802.15.4,N/A,90
54.6799,Tx_WiFi,2,90
54.6849,Rx_802.15.4,N/A,90
54.6849,Tx_WiFi,2,90
54.6902,Rx_802.15.4,N/A,90
54.6902,Tx_WiFi,2,90
54.6956,Rx_802.15.4,N/A,90
54.6956,Tx_WiFi,2,90
55.136,Rx_802.15.4,N/A,90
55.136,Tx_WiFi,2,90
55.141,Rx_802.15.4,N/A,90
55.141,Tx_WiFi,2,90
55.1513,Rx_802.15.4,N/A,90
55.1513,Tx_WiFi,2,90
55.158,Rx_802.15.4,N/A,90
55.158,Tx_WiFi,2,90
55.1635,Rx_802.15.4,N/A,57
55.1635,Tx_WiFi,2,57
55.1695,Rx_802.15.4,N/A,90
55.1695,Tx_WiFi,2,90
55.1726,Rx_802.15.4,N/A,39
55.1726,Tx_WiFi,2,39
55.1811,Rx_802.15.4,N/A,90
55.1811,Tx_WiFi,2,90
55.1874,Rx_802.15.4,N/A,90
55.1874,Tx_WiFi,2,90
55.1964,Rx_802.15.4,N/A,90
55.1964,Tx_WiFi,3,90
55.5936,Rx_802.15.4,N/A,10
55.595,Rx_802.15.4,N/A,10
55.6275,Rx_802.15.4,N/A,90
55.6275,Tx_WiFi,2,90
55.6325,Rx_802.15.4,N/A,90
55.6325,Tx_WiFi,2,90
55.6425,Rx_802.15.4,N/A,90
55.6425,Tx_WiFi,2,90
55.6472,Rx_802.15.4,N/A,90
55.6472,Tx_WiFi,2,90
55.6579,Rx_802.15.4,N/A,90
55.6579,Tx_WiFi,1,90
56.1209,Rx_802.15.4,N/A,90
56.1209,Tx_WiFi,2,90
56.1266,Rx_802.15.4,N/A,90
56.1266,Tx_WiFi,2,90
56.135,Rx_802.15.4,N/A,90
56.135,Tx_WiFi,2,90
56.1397,Rx_802.15.4,N/A,90
56.1397,Tx_WiFi,2,90
56.1457,Rx_802.15.4,N/A,90
56.1457,Tx_WiFi,2,90
56.1513,Rx_802.15.4,N/A,90
56.1513,Tx_WiFi,2,90
56.158,Rx_802.15.4,N/A,90
56.158,Tx_WiFi,2,90
56.1664,Rx_802.15.4,N/A,90
56.1664,Tx_WiFi,2,90
56.173,Rx_802.15.4,N/A,90
56.173,Tx_WiFi,2,90
56.6105,Rx_802.15.4,N/A,90
56.6105,Tx_WiFi,2,90
56.6172,Rx_802.15.4,N/A,90
56.6172,Tx_WiFi,2,90
56.6275,Rx_802.15.4,N/A,90
56.6275,Tx_WiFi,2,90
56.6338,Rx_802.15.4,N/A,90
56.6338,Tx_WiFi,2,90
56.6388,Rx_802.15.4,N/A,90
56.6388,Tx_WiFi,2,90
56.6576,Rx_802.15.4,N/A,90
56.6576,Tx_WiFi,2,90
56.6639,Rx_802.15.4,N/A,90
56.6639,Tx_WiFi,2,90
56.6723,Rx_802.15.4,N/A,90
56.6723,Tx_WiFi,2,90
56.6783,Rx_802.15.4,N/A,90
56.6783,Tx_WiFi,2,90
56.6873,Rx_802.15.4,N/A,90
56.6873,Tx_WiFi,0,90
57.1014,Rx_802.15.4,N/A,90
57.1014,Tx_WiFi,0,90
57.1061,Rx_802.15.4,N/A,90
57.1061,Tx_WiFi,0,90
57.1161,Rx_802.15.4,N/A,90
57.1161,Tx_WiFi,3,90
57.1205,Rx_802.15.4,N/A,90
57.1205,Tx_WiFi,3,90
57.1236,Rx_802.15.4,N/A,48
57.1236,Tx_WiFi,3,48
57.1321,Rx_802.15.4,N/A,90
57.1321,Tx_WiFi,2,90
57.1348,Rx_802.15.4,N/A,36
57.1348,Tx_WiFi,2,36
57.1475,Rx_802.15.4,N/A,90
57.1475,Tx_WiFi,2,90
57.1519,Rx_802.15.4,N/A,90
57.1519,Tx_WiFi,2,90
57.5487,Rx_802.15.4,N/A,10
57.5756,Rx_802.15.4,N/A,10
57.5923,Rx_802.15.4,N/A,90
57.5923,Tx_WiFi,2,90
57.5983,Rx_802.15.4,N/A,90
57.5983,Tx_WiFi,2,90
57.6092,Rx_802.15.4,N/A,90
57.6092,Tx_WiFi,2,90
57.6152,Rx_802.15.4,N/A,90
57.6152,Tx_WiFi,2,90
57.624,Rx_802.15.4,N/A,90
57.624,Tx_WiFi,1,90
58.0854,Rx_802.15.4,N/A,90
58.0854,Tx_WiFi,2,90
58.0901,Rx_802.15.4,N/A,90
58.0901,Tx_WiFi,2,90
58.0998,Rx_802.15.4,N/A,90
58.0998,Tx_WiFi,2,90
58.1058,Rx_802.15.4,N/A,90
58.1058,Tx_WiFi,2,90
58.1111,Rx_802.15.4,N/A,90
58.1111,Tx_WiFi,2,90
58.1164,Rx_802.15.4,N/A,90
58.1164,Tx_WiFi,2,90
58.1221,Rx_802.15.4,N/A,90
58.1221,Tx_WiFi,2,90
58.1318,Rx_802.15.4,N/A,90
58.1318,Tx_WiFi,2,90
58.1372,Rx_802.15.4,N/A,90
58.1372,Tx_WiFi,2,90
58.1465,Rx_802.15.4,N/A,90
58.1465,Tx_WiFi,1,90
58.5756,Rx_802.15.4,N/A,90
58.5756,Tx_WiFi,2,90
58.581,Rx_802.15.4,N/A,90
58.581,Tx_WiFi,2,90
58.591,Rx_802.15.4,N/A,90
58.591,Tx_WiFi,2,90
58.597,Rx_802.15.4,N/A,90
58.597,Tx_WiFi,2,90
58.6022,Rx_802.15.4,N/A,46
58.6022,Tx_WiFi,2,46
58.6084,Rx_802.15.4,N/A,90
58.6084,Tx_WiFi,2,90
58.6124,Rx_802.15.4,N/A,37
58.6124,Tx_WiFi,2,37
58.623,Rx_802.15.4,N/A,90
58.623,Tx_WiFi,2,90
58.6274,Rx_802.15.4,N/A,90
58.6274,Tx_WiFi,2,90
59.0286,Rx_802.15.4,N/A,10
59.0527,Rx_802.15.4,N/A,10
59.0675,Rx_802.15.4,N/A,90
59.0675,Tx_WiFi,2,90
59.0719,Rx_802.15.4,N/A,90
59.0719,Tx_WiFi,2,90
59.0822,Rx_802.15.4,N/A,90
59.0822,Tx_WiFi,2,90
59.0872,Rx_802.15.4,N/A,90
59.0872,Tx_WiFi,2,90
59.0972,Rx_802.15.4,N/A,90
59.0972,Tx_WiFi,1,90
59.558,Rx_802.15.4,N/A,90
59.558,Tx_WiFi,2,90
59.5644,Rx_802.15.4,N/A,90
59.5644,Tx_WiFi,2,90
59.5744,Rx_802.15.4,N/A,90
59.5744,Tx_WiFi,2,90
59.58,Rx_802.15.4,N/A,90
59.58,Tx_WiFi,2,90
59.5847,Rx_802.15.4,N/A,90
59.5847,Tx_WiFi,2,90
59.6057,Rx_802.15.4,N/A,90
59.6057,Tx_WiFi,2,90
59.6104,Rx_802.15.4,N/A,90
59.6104,Tx_WiFi,2,90
59.6192,Rx_802.15.4,N/A,90
59.6192,Tx_WiFi,2,90
59.6248,Rx_802.15.4,N/A,90
59.6248,Tx_WiFi,2,90
59.6345,Rx_802.15.4,N/A,90
59.6345,Tx_WiFi,1,90
60.0221,Rx_802.15.4,N/A,10
60.0496,Rx_802.15.4,N/A,90
60.0496,Tx_WiFi,2,90
60.0559,Rx_802.15.4,N/A,90
60.0559,Tx_WiFi,2,90
60.0659,Rx_802.15.4,N/A,90
60.0659,Tx_WiFi,2,90
60.0706,Rx_802.15.4,N/A,90
60.0706,Tx_WiFi,2,90
60.0753,Rx_802.15.4,N/A,90
60.0753,Tx_WiFi,2,90
60.0822,Rx_802.15.4,N/A,90
60.0822,Tx_WiFi,2,90
60.0869,Rx_802.15.4,N/A,90
60.0869,Tx_WiFi,2,90
60.0956,Rx_802.15.4,N/A,90
60.0956,Tx_WiFi,2,90
60.101,Rx_802.15.4,N/A,90
60.101,Tx_WiFi,2,90
60.5436,Rx_802.15.4,N/A,90
60.5436,Tx_WiFi,2,90
60.55,Rx_802.15.4,N/A,90
60.55,Tx_WiFi,2,90
60.5584,Rx_802.15.4,N/A,90
60.5584,Tx_WiFi,2,90
60.565,Rx_802.15.4,N/A,90
60.565,Tx_WiFi,2,90
60.5702,Rx_802.15.4,N/A,46
60.5702,Tx_WiFi,2,46
60.5747,Rx_802.15.4,N/A,90
60.5747,Tx_WiFi,2,90
60.5774,Rx_802.15.4,N/A,39
60.5774,Tx_WiFi,2,39
60.5904,Rx_802.15.4,N/A,90
60.5904,Tx_WiFi,2,90
60.5957,Rx_802.15.4,N/A,90
60.5957,Tx_WiFi,2,90
60.6051,Rx_802.15.4,N/A,90
60.6051,Tx_WiFi,1,90
60.6188,Rx_802.15.4,N/A,70
60.6188,Tx_WiFi,3,70
60.9703,Rx_802.15.4,N/A,10
61.0129,Rx_802.15.4,N/A,10
61.0329,Rx_802.15.4,N/A,90
61.0329,Tx_WiFi,2,90
61.038,Rx_802.15.4,N/A,90
61.038,Tx_WiFi,2,90
61.0489,Rx_802.15.4,N/A,90
61.0489,Tx_WiFi,2,90
61.0543,Rx_802.15.4,N/A,90
61.0543,Tx_WiFi,2,90
61.5257,Rx_802.15.4,N/A,90
61.5257,Tx_WiFi,2,90
61.5324,Rx_802.15.4,N/A,90
61.5324,Tx_WiFi,2,90
61.542,Rx_802.15.4,N/A,90
61.542,Tx_WiFi,2,90
61.5477,Rx_802.15.4,N/A,90
61.5477,Tx_WiFi,2,90
61.5534,Rx_802.15.4,N/A,90
61.5534,Tx_WiFi,2,90
61.5721,Rx_802.15.4,N/A,90
61.5721,Tx_WiFi,2,90
61.5781,Rx_802.15.4,N/A,90
61.5781,Tx_WiFi,2,90
61.5875,Rx_802.15.4,N/A,90
61.5875,Tx_WiFi,2,90
61.5935,Rx_802.15.4,N/A,90
61.5935,Tx_WiFi,2,90
61.6032,Rx_802.15.4,N/A,90
61.6032,Tx_WiFi,1,90
62.0163,Rx_802.15.4,N/A,90
62.0163,Tx_WiFi,2,90
62.0216,Rx_802.15.4,N/A,90
62.0216,Tx_WiFi,2,90
62.032,Rx_802.15.4,N/A,90
62.032,Tx_WiFi,2,90
62.0383,Rx_802.15.4,N/A,90
62.0383,Tx_WiFi,2,90
62.0446,Rx_802.15.4,N/A,90
62.0446,Tx_WiFi,2,90
62.0487,Rx_802.15.4,N/A,90
62.0487,Tx_WiFi,0,90
62.0541,Rx_802.15.4,N/A,90
62.0541,Tx_WiFi,0,90
62.062,Rx_802.15.4,N/A,90
62.062,Tx_WiFi,2,90
62.068,Rx_802.15.4,N/A,90
62.068,Tx_WiFi,2,90
62.0774,Rx_802.15.4,N/A,90
62.0774,Tx_WiFi,1,90
62.5097,Rx_802.15.4,N/A,90
62.5097,Tx_WiFi,2,90
62.5144,Rx_802.15.4,N/A,90
62.5144,Tx_WiFi,2,90
62.5244,Rx_802.15.4,N/A,90
62.5244,Tx_WiFi,2,90
62.5311,Rx_802.15.4,N/A,90
62.5311,Tx_WiFi,2,90
62.5345,Rx_802.15.4,N/A,41
62.5345,Tx_WiFi,2,41
62.5411,Rx_802.15.4,N/A,90
62.5411,Tx_WiFi,2,90
62.546,Rx_802.15.4,N/A,35
62.546,Tx_WiFi,2,35
62.5555,Rx_802.15.4,N/A,90
62.5555,Tx_WiFi,2,90
62.5599,Rx_802.15.4,N/A,90
62.5599,Tx_WiFi,2,90
62.9415,Rx_802.15.4,N/A,10
62.9803,Rx_802.15.4,N/A,10
62.9984,Rx_802.15.4,N/A,90
62.9984,Tx_WiFi,2,90
63.0014,Rx_802.15.4,N/A,37
63.0014,Tx_WiFi,2,37
63.0153,Rx_802.15.4,N/A,90
63.0153,Tx_WiFi,2,90
63.022,Rx_802.15.4,N/A,90
63.022,Tx_WiFi,2,90
63.0307,Rx_802.15.4,N/A,90
63.0307,Tx_WiFi,1,90
63.4336,Rx_802.15.4,N/A,10
63.4915,Rx_802.15.4,N/A,90
63.4915,Tx_WiFi,2,90
63.4972,Rx_802.15.4,N/A,90
63.4972,Tx_WiFi,2,90
63.5035,Rx_802.15.4,N/A,90
63.5035,Tx_WiFi,2,90
63.5079,Rx_802.15.4,N/A,90
63.5079,Tx_WiFi,2,90
63.5136,Rx_802.15.4,N/A,90
63.5136,Tx_WiFi,2,90
63.5209,Rx_802.15.4,N/A,90
63.5209,Tx_WiFi,2,90
63.5253,Rx_802.15.4,N/A,90
63.5253,Tx_WiFi,2,90
63.5376,Rx_802.15.4,N/A,90
63.5376,Tx_WiFi,1,90
63.984,Rx_802.15.4,N/A,90
63.984,Tx_WiFi,2,90
63.99,Rx_802.15.4,N/A,90
63.99,Tx_WiFi,2,90
63.9996,Rx_802.15.4,N/A,90
63.9996,Tx_WiFi,2,90
64.0047,Rx_802.15.4,N/A,90
64.0047,Tx_WiFi,2,90
64.0094,Rx_802.15.4,N/A,50
64.0094,Tx_WiFi,2,50
64.014,Rx_802.15.4,N/A,90
64.014,Tx_WiFi,2,90
64.0197,Rx_802.15.4,N/A,90
64.0197,Tx_WiFi,2,90
64.0294,Rx_802.15.4,N/A,90
64.0294,Tx_WiFi,2,90
64.0354,Rx_802.15.4,N/A,90
64.0354,Tx_WiFi,2,90
64.4317,Rx_802.15.4,N/A,10
64.4758,Rx_802.15.4,N/A,90
64.4758,Tx_WiFi,2,90
64.4824,Rx_802.15.4,N/A,90
64.4824,Tx_WiFi,2,90
64.4915,Rx_802.15.4,N/A,90
64.4915,Tx_WiFi,2,90
64.4945,Rx_802.15.4,N/A,37
64.4945,Tx_WiFi,2,37
64.5062,Rx_802.15.4,N/A,90
64.5062,Tx_WiFi,2,90
64.5128,Rx_802.15.4,N/A,90
64.5128,Tx_WiFi,2,90
64.5209,Rx_802.15.4,N/A,90
64.5209,Tx_WiFi,1,90
64.9078,Rx_802.15.4,N/A,10
64.9651,Rx_802.15.4,N/A,90
64.9651,Tx_WiFi,2,90
64.9695,Rx_802.15.4,N/A,90
64.9695,Tx_WiFi,2,90
64.9804,Rx_802.15.4,N/A,90
64.9804,Tx_WiFi,2,90
64.9855,Rx_802.15.4,N/A,90
64.9855,Tx_WiFi,2,90
64.9918,Rx_802.15.4,N/A,90
64.9918,Tx_WiFi,2,90
65.0108,Rx_802.15.4,N/A,90
65.0108,Tx_WiFi,2,90
65.0168,Rx_802.15.4,N/A,90
65.0168,Tx_WiFi,2,90
65.0275,Rx_802.15.4,N/A,90
65.0275,Tx_WiFi,1,90
65.4563,Rx_802.15.4,N/A,90
65.4563,Tx_WiFi,2,90
65.4613,Rx_802.15.4,N/A,90
65.4613,Tx_WiFi,2,90
65.4726,Rx_802.15.4,N/A,90
65.4726,Tx_WiFi,2,90
65.4789,Rx_802.15.4,N/A,90
65.4789,Tx_WiFi,2,90
65.4833,Rx_802.15.4,N/A,90
65.4833,Tx_WiFi,2,90
65.4883,Rx_802.15.4,N/A,90
65.4883,Tx_WiFi,2,90
65.4946,Rx_802.15.4,N/A,90
65.4946,Tx_WiFi,2,90
65.503,Rx_802.15.4,N/A,90
65.503,Tx_WiFi,2,90
65.5067,Rx_802.15.4,N/A,38
65.5067,Tx_WiFi,2,38
65.8891,Rx_802.15.4,N/A,10
65.9164,Rx_802.15.4,N/A,10
65.9491,Rx_802.15.4,N/A,90
65.9491,Tx_WiFi,2,90
65.9548,Rx_802.15.4,N/A,90
65.9548,Tx_WiFi,2,90
65.9632,Rx_802.15.4,N/A,90
65.9632,Tx_WiFi,2,90
65.9698,Rx_802.15.4,N/A,90
65.9698,Tx_WiFi,2,90
65.9752,Rx_802.15.4,N/A,53
65.9752,Tx_WiFi,2,53
65.9795,Rx_802.15.4,N/A,90
65.9795,Tx_WiFi,2,90
65.9861,Rx_802.15.4,N/A,90
65.9861,Tx_WiFi,2,90
65.9952,Rx_802.15.4,N/A,90
65.9952,Tx_WiFi,1,90
66.4067,Rx_802.15.4,N/A,10
66.4393,Rx_802.15.4,N/A,90
66.4393,Tx_WiFi,2,90
66.4453,Rx_802.15.4,N/A,90
66.4453,Tx_WiFi,2,90
66.4563,Rx_802.15.4,N/A,90
66.4563,Tx_WiFi,3,90
66.4606,Rx_802.15.4,N/A,39
66.4606,Tx_WiFi,3,39
66.4704,Rx_802.15.4,N/A,90
66.4704,Tx_WiFi,2,90
66.4764,Rx_802.15.4,N/A,90
66.4764,Tx_WiFi,2,90
66.5004,Rx_802.15.4,N/A,78
66.5004,Tx_WiFi,3,78
66.9098,Rx_802.15.4,N/A,10
66.9318,Rx_802.15.4,N/A,90
66.9318,Tx_WiFi,0,90
66.9365,Rx_802.15.4,N/A,90
66.9365,Tx_WiFi,0,90
66.9484,Rx_802.15.4,N/A,90
66.9484,Tx_WiFi,2,90
66.9538,Rx_802.15.4,N/A,90
66.9538,Tx_WiFi,2,90
66.9598,Rx_802.15.4,N/A,90
66.9598,Tx_WiFi,2,90
66.9782,Rx_802.15.4,N/A,90
66.9782,Tx_WiFi,2,90
66.9832,Rx_802.15.4,N/A,90
66.9832,Tx_WiFi,2,90
66.9936,Rx_802.15.4,N/A,90
66.9936,Tx_WiFi,1,90
67.4252,Rx_802.15.4,N/A,90
67.4252,Tx_WiFi,0,90
67.4309,Rx_802.15.4,N/A,90
67.4309,Tx_WiFi,0,90
67.4396,Rx_802.15.4,N/A,90
67.4396,Tx_WiFi,2,90
67.4447,Rx_802.15.4,N/A,90
67.4447,Tx_WiFi,2,90
67.4507,Rx_802.15.4,N/A,90
67.4507,Tx_WiFi,2,90
67.4547,Rx_802.15.4,N/A,90
67.4547,Tx_WiFi,0,90
67.46,Rx_802.15.4,N/A,90
67.46,Tx_WiFi,0,90
67.47,Rx_802.15.4,N/A,90
67.47,Tx_WiFi,2,90
67.4757,Rx_802.15.4,N/A,90
67.4757,Tx_WiFi,2,90
67.4857,Rx_802.15.4,N/A,90
67.4857,Tx_WiFi,1,90
67.9168,Rx_802.15.4,N/A,90
67.9168,Tx_WiFi,2,90
67.9212,Rx_802.15.4,N/A,90
67.9212,Tx_WiFi,2,90
67.9328,Rx_802.15.4,N/A,90
67.9328,Tx_WiFi,2,90
67.9381,Rx_802.15.4,N/A,90
67.9381,Tx_WiFi,2,90
67.9435,Rx_802.15.4,N/A,51
67.9435,Tx_WiFi,2,51
67.9478,Rx_802.15.4,N/A,90
67.9478,Tx_WiFi,2,90
67.9544,Rx_802.15.4,N/A,90
67.9544,Tx_WiFi,2,90
67.9628,Rx_802.15.4,N/A,90
67.9628,Tx_WiFi,2,90
67.9679,Rx_802.15.4,N/A,90
67.9679,Tx_WiFi,2,90
68.3844,Rx_802.15.4,N/A,10
68.407,Rx_802.15.4,N/A,90
68.407,Tx_WiFi,0,90
68.4124,Rx_802.15.4,N/A,90
68.4124,Tx_WiFi,0,90
68.4233,Rx_802.15.4,N/A,90
68.4233,Tx_WiFi,2,90
68.4279,Rx_802.15.4,N/A,37
68.4279,Tx_WiFi,2,37
68.4384,Rx_802.15.4,N/A,90
68.4384,Tx_WiFi,2,90
68.4437,Rx_802.15.4,N/A,90
68.4437,Tx_WiFi,2,90
68.4528,Rx_802.15.4,N/A,90
68.4528,Tx_WiFi,1,90
68.88,Rx_802.15.4,N/A,10
68.9004,Rx_802.15.4,N/A,90
68.9004,Tx_WiFi,0,90
68.9071,Rx_802.15.4,N/A,90
68.9071,Tx_WiFi,0,90
68.9155,Rx_802.15.4,N/A,90
68.9155,Tx_WiFi,2,90
68.9199,Rx_802.15.4,N/A,90
68.9199,Tx_WiFi,2,90
68.9252,Rx_802.15.4,N/A,90
68.9252,Tx_WiFi,2,90
68.9292,Rx_802.15.4,N/A,90
68.9292,Tx_WiFi,2,90
68.9336,Rx_802.15.4,N/A,90
68.9336,Tx_WiFi,2,90
68.9459,Rx_802.15.4,N/A,90
68.9459,Tx_WiFi,1,90
69.3575,Rx_802.15.4,N/A,10
69.3884,Rx_802.15.4,N/A,90
69.3884,Tx_WiFi,0,90
69.3941,Rx_802.15.4,N/A,90
69.3941,Tx_WiFi,0,90
69.4038,Rx_802.15.4,N/A,90
69.4038,Tx_WiFi,2,90
69.4101,Rx_802.15.4,N/A,90
69.4101,Tx_WiFi,2,90
69.4141,Rx_802.15.4,N/A,49
69.4141,Tx_WiFi,2,49
69.4188,Rx_802.15.4,N/A,90
69.4188,Tx_WiFi,2,90
69.4242,Rx_802.15.4,N/A,90
69.4242,Tx_WiFi,2,90
69.4348,Rx_802.15.4,N/A,90
69.4348,Tx_WiFi,2,90
69.4412,Rx_802.15.4,N/A,90
69.4412,Tx_WiFi,2,90
69.8601,Rx_802.15.4,N/A,10
69.8809,Rx_802.15.4,N/A,90
69.8809,Tx_WiFi,2,90
69.8869,Rx_802.15.4,N/A,90
69.8869,Tx_WiFi,2,90
69.895,Rx_802.15.4,N/A,90
69.895,Tx_WiFi,2,90
69.8978,Rx_802.15.4,N/A,39
69.8978,Tx_WiFi,2,39
69.9113,Rx_802.15.4,N/A,90
69.9113,Tx_WiFi,2,90
69.917,Rx_802.15.4,N/A,90
69.917,Tx_WiFi,2,90
69.927,Rx_802.15.4,N/A,90
69.927,Tx_WiFi,1,90
69.9408,Rx_802.15.4,N/A,31
69.9408,Tx_WiFi,0,31
70.3319,Rx_802.15.4,N/A,10
70.3728,Rx_802.15.4,N/A,90
70.3728,Tx_WiFi,2,90
70.3794,Rx_802.15.4,N/A,90
70.3794,Tx_WiFi,2,90
70.3865,Rx_802.15.4,N/A,90
70.3865,Tx_WiFi,2,90
70.3919,Rx_802.15.4,N/A,90
70.3919,Tx_WiFi,2,90
70.3985,Rx_802.15.4,N/A,90
70.3985,Tx_WiFi,2,90
70.4188,Rx_802.15.4,N/A,90
70.4188,Tx_WiFi,2,90
70.4242,Rx_802.15.4,N/A,90
70.4242,Tx_WiFi,2,90
70.4329,Rx_802.15.4,N/A,90
70.4329,Tx_WiFi,1,90
70.8656,Rx_802.15.4,N/A,90
70.8656,Tx_WiFi,2,90
70.87,Rx_802.15.4,N/A,90
70.87,Tx_WiFi,2,90
70.8816,Rx_802.15.4,N/A,90
70.8816,Tx_WiFi,2,90
70.8876,Rx_802.15.4,N/A,90
70.8876,Tx_WiFi,2,90
70.8919,Rx_802.15.4,N/A,90
70.8919,Tx_WiFi,2,90
70.9113,Rx_802.15.4,N/A,90
70.9113,Tx_WiFi,2,90
70.9176,Rx_802.15.4,N/A,90
70.9176,Tx_WiFi,2,90
70.9267,Rx_802.15.4,N/A,90
70.9267,Tx_WiFi,2,90
70.932,Rx_802.15.4,N/A,90
70.932,Tx_WiFi,2,90
71.3571,Rx_802.15.4,N/A,90
71.3571,Tx_WiFi,2,90
71.3634,Rx_802.15.4,N/A,90
71.3634,Tx_WiFi,2,90
71.3712,Rx_802.15.4,N/A,90
71.3712,Tx_WiFi,2,90
71.3765,Rx_802.15.4,N/A,90
71.3765,Tx_WiFi,2,90
71.3817,Rx_802.15.4,N/A,45
71.3817,Tx_WiFi,2,45
71.3878,Rx_802.15.4,N/A,90
71.3878,Tx_WiFi,2,90
71.3928,Rx_802.15.4,N/A,90
71.3928,Tx_WiFi,2,90
71.4025,Rx_802.15.4,N/A,90
71.4025,Tx_WiFi,2,90
71.4088,Rx_802.15.4,N/A,90
71.4088,Tx_WiFi,2,90
71.4179,Rx_802.15.4,N/A,90
71.4179,Tx_WiFi,1,90
71.8156,Rx_802.15.4,N/A,10
71.8476,Rx_802.15.4,N/A,90
71.8476,Tx_WiFi,2,90
71.8533,Rx_802.15.4,N/A,90
71.8533,Tx_WiFi,2,90
71.863,Rx_802.15.4,N/A,90
71.863,Tx_WiFi,2,90
71.8656,Rx_802.15.4,N/A,35
71.8656,Tx_WiFi,2,35
71.8784,Rx_802.15.4,N/A,90
71.8784,Tx_WiFi,2,90
71.885,Rx_802.15.4,N/A,90
71.885,Tx_WiFi,2,90
72.3186,Rx_802.15.4,N/A,10
72.3382,Rx_802.15.4,N/A,90
72.3382,Tx_WiFi,2,90
72.3439,Rx_802.15.4,N/A,90
72.3439,Tx_WiFi,2,90
72.3545,Rx_802.15.4,N/A,90
72.3545,Tx_WiFi,2,90
72.3608,Rx_802.15.4,N/A,90
72.3608,Tx_WiFi,2,90
72.3652,Rx_802.15.4,N/A,90
72.3652,Tx_WiFi,2,90
72.383,Rx_802.15.4,N/A,90
72.383,Tx_WiFi,2,90
72.3877,Rx_802.15.4,N/A,90
72.3877,Tx_WiFi,2,90
72.3987,Rx_802.15.4,N/A,90
72.3987,Tx_WiFi,1,90
72.8288,Rx_802.15.4,N/A,90
72.8288,Tx_WiFi,2,90
72.8344,Rx_802.15.4,N/A,90
72.8344,Tx_WiFi,2,90
72.8448,Rx_802.15.4,N/A,90
72.8448,Tx_WiFi,2,90
72.8495,Rx_802.15.4,N/A,90
72.8495,Tx_WiFi,2,90
72.8558,Rx_802.15.4,N/A,90
72.8558,Tx_WiFi,2,90
72.8596,Rx_802.15.4,N/A,90
72.8596,Tx_WiFi,2,90
72.864,Rx_802.15.4,N/A,90
72.864,Tx_WiFi,2,90
72.8758,Rx_802.15.4,N/A,90
72.8758,Tx_WiFi,2,90
72.8812,Rx_802.15.4,N/A,90
72.8812,Tx_WiFi,2,90
72.8896,Rx_802.15.4,N/A,90
72.8896,Tx_WiFi,1,90
73.3206,Rx_802.15.4,N/A,90
73.3206,Tx_WiFi,2,90
73.3269,Rx_802.15.4,N/A,90
73.3269,Tx_WiFi,2,90
73.336,Rx_802.15.4,N/A,90
73.336,Tx_WiFi,2,90
73.3426,Rx_802.15.4,N/A,90
73.3426,Tx_WiFi,2,90
73.3469,Rx_802.15.4,N/A,37
73.3469,Tx_WiFi,2,37
73.3529,Rx_802.15.4,N/A,90
73.3529,Tx_WiFi,2,90
73.3576,Rx_802.15.4,N/A,90
73.3576,Tx_WiFi,2,90
73.3689,Rx_802.15.4,N/A,90
73.3689,Tx_WiFi,2,90
73.3746,Rx_802.15.4,N/A,90
73.3746,Tx_WiFi,2,90
73.7651,Rx_802.15.4,N/A,10
73.8131,Rx_802.15.4,N/A,90
73.8131,Tx_WiFi,2,90
73.8188,Rx_802.15.4,N/A,90
73.8188,Tx_WiFi,2,90
73.8268,Rx_802.15.4,N/A,90
73.8268,Tx_WiFi,2,90
73.8298,Rx_802.15.4,N/A,35
73.8298,Tx_WiFi,2,35
73.8438,Rx_802.15.4,N/A,90
73.8438,Tx_WiFi,2,90
73.8488,Rx_802.15.4,N/A,90
73.8488,Tx_WiFi,2,90
73.8582,Rx_802.15.4,N/A,90
73.8582,Tx_WiFi,3,90
74.2867,Rx_802.15.4,N/A,10
74.3046,Rx_802.15.4,N/A,90
74.3046,Tx_WiFi,2,90
74.3093,Rx_802.15.4,N/A,90
74.3093,Tx_WiFi,2,90
74.3203,Rx_802.15.4,N/A,90
74.3203,Tx_WiFi,2,90
74.325,Rx_802.15.4,N/A,90
74.325,Tx_WiFi,2,90
74.3297,Rx_802.15.4,N/A,90
74.3297,Tx_WiFi,2,90
74.3353,Rx_802.15.4,N/A,90
74.3353,Tx_WiFi,2,90
74.3404,Rx_802.15.4,N/A,90
74.3404,Tx_WiFi,2,90
74.3507,Rx_802.15.4,N/A,90
74.3507,Tx_WiFi,1,90
74.7961,Rx_802.15.4,N/A,90
74.7961,Tx_WiFi,0,90
74.8021,Rx_802.15.4,N/A,90
74.8021,Tx_WiFi,0,90
74.8105,Rx_802.15.4,N/A,90
74.8105,Tx_WiFi,2,90
74.8156,Rx_802.15.4,N/A,90
74.8156,Tx_WiFi,2,90
74.8209,Rx_802.15.4,N/A,90
74.8209,Tx_WiFi,2,90
74.8262,Rx_802.15.4,N/A,90
74.8262,Tx_WiFi,2,90
74.8322,Rx_802.15.4,N/A,90
74.8322,Tx_WiFi,2,90
74.8412,Rx_802.15.4,N/A,90
74.8412,Tx_WiFi,2,90
74.8456,Rx_802.15.4,N/A,90
74.8456,Tx_WiFi,2,90
75.288,Rx_802.15.4,N/A,90
75.288,Tx_WiFi,2,90
75.2946,Rx_802.15.4,N/A,90
75.2946,Tx_WiFi,2,90
75.302,Rx_802.15.4,N/A,90
75.302,Tx_WiFi,2,90
75.3068,Rx_802.15.4,N/A,90
75.3068,Tx_WiFi,2,90
75.311,Rx_802.15.4,N/A,45
75.311,Tx_WiFi,2,45
75.318,Rx_802.15.4,N/A,90
75.318,Tx_WiFi,2,90
75.3234,Rx_802.15.4,N/A,90
75.3234,Tx_WiFi,2,90
75.3334,Rx_802.15.4,N/A,90
75.3334,Tx_WiFi,2,90
75.3394,Rx_802.15.4,N/A,90
75.3394,Tx_WiFi,2,90
75.3504,Rx_802.15.4,N/A,90
75.3504,Tx_WiFi,1,90
75.753,Rx_802.15.4,N/A,10
75.7808,Rx_802.15.4,N/A,90
75.7808,Tx_WiFi,2,90
75.7855,Rx_802.15.4,N/A,90
75.7855,Tx_WiFi,2,90
75.7958,Rx_802.15.4,N/A,90
75.7958,Tx_WiFi,2,90
75.7997,Rx_802.15.4,N/A,35
75.7997,Tx_WiFi,2,35
75.8112,Rx_802.15.4,N/A,90
75.8112,Tx_WiFi,2,90
75.8168,Rx_802.15.4,N/A,90
75.8168,Tx_WiFi,2,90
76.2106,Rx_802.15.4,N/A,10
76.271,Rx_802.15.4,N/A,90
76.271,Tx_WiFi,2,90
76.2757,Rx_802.15.4,N/A,90
76.2757,Tx_WiFi,2,90
76.2867,Rx_802.15.4,N/A,90
76.2867,Tx_WiFi,2,90
76.293,Rx_802.15.4,N/A,90
76.293,Tx_WiFi,2,90
76.2983,Rx_802.15.4,N/A,90
76.2983,Tx_WiFi,2,90
76.3031,Rx_802.15.4,N/A,90
76.3031,Tx_WiFi,2,90
76.3078,Rx_802.15.4,N/A,90
76.3078,Tx_WiFi,2,90
76.3168,Rx_802.15.4,N/A,90
76.3168,Tx_WiFi,1,90
76.7625,Rx_802.15.4,N/A,90
76.7625,Tx_WiFi,2,90
76.7692,Rx_802.15.4,N/A,90
76.7692,Tx_WiFi,2,90
76.7779,Rx_802.15.4,N/A,90
76.7779,Tx_WiFi,2,90
76.7826,Rx_802.15.4,N/A,90
76.7826,Tx_WiFi,2,90
76.7867,Rx_802.15.4,N/A,50
76.7867,Tx_WiFi,2,50
76.8099,Rx_802.15.4,N/A,90
76.8099,Tx_WiFi,2,90
76.8149,Rx_802.15.4,N/A,90
76.8149,Tx_WiFi,2,90
76.8243,Rx_802.15.4,N/A,90
76.8243,Tx_WiFi,2,90
76.829,Rx_802.15.4,N/A,90
76.829,Tx_WiFi,2,90
76.8403,Rx_802.15.4,N/A,90
76.8403,Tx_WiFi,1,90
77.2167,Rx_802.15.4,N/A,10
77.2344,Rx_802.15.4,N/A,10
77.255,Rx_802.15.4,N/A,90
77.255,Tx_WiFi,2,90
77.2599,Rx_802.15.4,N/A,36
77.2599,Tx_WiFi,2,36
77.27,Rx_802.15.4,N/A,90
77.27,Tx_WiFi,2,90
77.2744,Rx_802.15.4,N/A,90
77.2744,Tx_WiFi,2,90
77.2864,Rx_802.15.4,N/A,90
77.2864,Tx_WiFi,2,90
77.293,Rx_802.15.4,N/A,90
77.293,Tx_WiFi,2,90
77.6901,Rx_802.15.4,N/A,10
77.7452,Rx_802.15.4,N/A,90
77.7452,Tx_WiFi,2,90
77.7506,Rx_802.15.4,N/A,90
77.7506,Tx_WiFi,2,90
77.7556,Rx_802.15.4,N/A,90
77.7556,Tx_WiFi,2,90
77.7769,Rx_802.15.4,N/A,90
77.7769,Tx_WiFi,2,90
77.7815,Rx_802.15.4,N/A,37
77.7815,Tx_WiFi,2,37
77.79,Rx_802.15.4,N/A,90
77.79,Tx_WiFi,2,90
77.7944,Rx_802.15.4,N/A,90
77.7944,Tx_WiFi,2,90
77.8073,Rx_802.15.4,N/A,90
77.8073,Tx_WiFi,0,90
77.8209,Rx_802.15.4,N/A,64
77.8209,Tx_WiFi,3,64
78.2101,Rx_802.15.4,N/A,10
78.2174,Rx_802.15.4,N/A,10
78.2358,Rx_802.15.4,N/A,90
78.2358,Tx_WiFi,2,90
78.2412,Rx_802.15.4,N/A,90
78.2412,Tx_WiFi,2,90
78.2508,Rx_802.15.4,N/A,90
78.2508,Tx_WiFi,2,90
78.2562,Rx_802.15.4,N/A,90
78.2562,Tx_WiFi,2,90
78.2609,Rx_802.15.4,N/A,90
78.2609,Tx_WiFi,2,90
78.2678,Rx_802.15.4,N/A,90
78.2678,Tx_WiFi,2,90
78.2725,Rx_802.15.4,N/A,90
78.2725,Tx_WiFi,2,90
78.2825,Rx_802.15.4,N/A,90
78.2825,Tx_WiFi,1,90
78.7283,Rx_802.15.4,N/A,90
78.7283,Tx_WiFi,0,90
78.734,Rx_802.15.4,N/A,90
78.734,Tx_WiFi,0,90
78.76,Rx_802.15.4,N/A,90
78.76,Tx_WiFi,2,90
78.7663,Rx_802.15.4,N/A,90
78.7663,Tx_WiFi,2,90
78.7707,Rx_802.15.4,N/A,51
78.7707,Tx_WiFi,2,51
78.775,Rx_802.15.4,N/A,90
78.775,Tx_WiFi,2,90
78.7794,Rx_802.15.4,N/A,90
78.7794,Tx_WiFi,2,90
78.7913,Rx_802.15.4,N/A,90
78.7913,Tx_WiFi,2,90
78.7973,Rx_802.15.4,N/A,90
78.7973,Tx_WiFi,2,90
78.8196,Rx_802.15.4,N/A,73
78.8196,Tx_WiFi,3,73
79.1883,Rx_802.15.4,N/A,10
79.222,Rx_802.15.4,N/A,90
79.222,Tx_WiFi,3,90
79.2264,Rx_802.15.4,N/A,90
79.2264,Tx_WiFi,3,90
79.2358,Rx_802.15.4,N/A,90
79.2358,Tx_WiFi,2,90
79.2398,Rx_802.15.4,N/A,38
79.2398,Tx_WiFi,2,38
79.2508,Rx_802.15.4,N/A,90
79.2508,Tx_WiFi,2,90
79.2551,Rx_802.15.4,N/A,35
79.2551,Tx_WiFi,2,35
79.2662,Rx_802.15.4,N/A,90
79.2662,Tx_WiFi,1,90
79.6496,Rx_802.15.4,N/A,10
79.6806,Rx_802.15.4,N/A,10
79.7097,Rx_802.15.4,N/A,90
79.7097,Tx_WiFi,0,90
79.7148,Rx_802.15.4,N/A,90
79.7148,Tx_WiFi,0,90
79.7273,Rx_802.15.4,N/A,90
79.7273,Tx_WiFi,2,90
79.734,Rx_802.15.4,N/A,90
79.734,Tx_WiFi,2,90
79.7403,Rx_802.15.4,N/A,90
79.7403,Tx_WiFi,2,90
80.2038,Rx_802.15.4,N/A,90
80.2038,Tx_WiFi,2,90
80.2095,Rx_802.15.4,N/A,90
80.2095,Tx_WiFi,2,90
80.2198,Rx_802.15.4,N/A,90
80.2198,Tx_WiFi,2,90
80.2258,Rx_802.15.4,N/A,90
80.2258,Tx_WiFi,2,90
80.2315,Rx_802.15.4,N/A,90
80.2315,Tx_WiFi,2,90
80.2499,Rx_802.15.4,N/A,90
80.2499,Tx_WiFi,2,90
80.2562,Rx_802.15.4,N/A,90
80.2562,Tx_WiFi,2,90
80.2659,Rx_802.15.4,N/A,90
80.2659,Tx_WiFi,2,90
80.2725,Rx_802.15.4,N/A,90
80.2725,Tx_WiFi,2,90
80.2809,Rx_802.15.4,N/A,90
80.2809,Tx_WiFi,1,90
80.6931,Rx_802.15.4,N/A,90
80.6931,Tx_WiFi,2,90
80.6994,Rx_802.15.4,N/A,90
80.6994,Tx_WiFi,2,90
80.7084,Rx_802.15.4,N/A,90
80.7084,Tx_WiFi,2,90
80.7132,Rx_802.15.4,N/A,90
80.7132,Tx_WiFi,2,90
80.718,Rx_802.15.4,N/A,53
80.718,Tx_WiFi,2,53
80.726,Rx_802.15.4,N/A,90
80.726,Tx_WiFi,2,90
80.7308,Rx_802.15.4,N/A,90
80.7308,Tx_WiFi,2,90
80.7411,Rx_802.15.4,N/A,90
80.7411,Tx_WiFi,2,90
80.7438,Rx_802.15.4,N/A,37
80.7438,Tx_WiFi,2,37
80.7715,Rx_802.15.4,N/A,90
80.7715,Tx_WiFi,1,90
81.1216,Rx_802.15.4,N/A,10
81.1678,Rx_802.15.4,N/A,10
81.1843,Rx_802.15.4,N/A,90
81.1843,Tx_WiFi,2,90
81.1903,Rx_802.15.4,N/A,90
81.1903,Tx_WiFi,2,90
81.2012,Rx_802.15.4,N/A,90
81.2012,Tx_WiFi,2,90
81.2052,Rx_802.15.4,N/A,38
81.2052,Tx_WiFi,2,38
81.6269,Rx_802.15.4,N/A,10
81.68,Rx_802.15.4,N/A,90
81.68,Tx_WiFi,2,90
81.6863,Rx_802.15.4,N/A,90
81.6863,Tx_WiFi,2,90
81.6944,Rx_802.15.4,N/A,90
81.6944,Tx_WiFi,2,90
81.6997,Rx_802.15.4,N/A,90
81.6997,Tx_WiFi,2,90
81.7054,Rx_802.15.4,N/A,90
81.7054,Tx_WiFi,2,90
81.7094,Rx_802.15.4,N/A,90
81.7094,Tx_WiFi,2,90
81.7157,Rx_802.15.4,N/A,90
81.7157,Tx_WiFi,2,90
81.7238,Rx_802.15.4,N/A,90
81.7238,Tx_WiFi,1,90
82.1683,Rx_802.15.4,N/A,90
82.1683,Tx_WiFi,2,90
82.1727,Rx_802.15.4,N/A,90
82.1727,Tx_WiFi,2,90
82.1856,Rx_802.15.4,N/A,90
82.1856,Tx_WiFi,2,90
82.1922,Rx_802.15.4,N/A,90
82.1922,Tx_WiFi,2,90
82.1968,Rx_802.15.4,N/A,37
82.1968,Tx_WiFi,2,37
82.2012,Rx_802.15.4,N/A,90
82.2012,Tx_WiFi,2,90
82.2056,Rx_802.15.4,N/A,90
82.2056,Tx_WiFi,2,90
82.216,Rx_802.15.4,N/A,90
82.216,Tx_WiFi,2,90
82.221,Rx_802.15.4,N/A,90
82.221,Tx_WiFi,2,90
82.2451,Rx_802.15.4,N/A,90
82.2451,Tx_WiFi,1,90
82.6218,Rx_802.15.4,N/A,10
82.6614,Rx_802.15.4,N/A,90
82.6614,Tx_WiFi,2,90
82.6671,Rx_802.15.4,N/A,90
82.6671,Tx_WiFi,2,90
82.6774,Rx_802.15.4,N/A,90
82.6774,Tx_WiFi,2,90
82.6818,Rx_802.15.4,N/A,90
82.6818,Tx_WiFi,2,90
82.6918,Rx_802.15.4,N/A,90
82.6918,Tx_WiFi,2,90
82.6981,Rx_802.15.4,N/A,90
82.6981,Tx_WiFi,2,90
83.1539,Rx_802.15.4,N/A,90
83.1539,Tx_WiFi,2,90
83.1589,Rx_802.15.4,N/A,90
83.1589,Tx_WiFi,2,90
83.1686,Rx_802.15.4,N/A,90
83.1686,Tx_WiFi,2,90
83.1736,Rx_802.15.4,N/A,90
83.1736,Tx_WiFi,2,90
83.178,Rx_802.15.4,N/A,90
83.178,Tx_WiFi,2,90
83.2006,Rx_802.15.4,N/A,90
83.2006,Tx_WiFi,2,90
83.2048,Rx_802.15.4,N/A,35
83.2048,Tx_WiFi,2,35
83.2153,Rx_802.15.4,N/A,90
83.2153,Tx_WiFi,2,90
83.2213,Rx_802.15.4,N/A,90
83.2213,Tx_WiFi,2,90
83.2307,Rx_802.15.4,N/A,90
83.2307,Tx_WiFi,1,90
83.6018,Rx_802.15.4,N/A,10
83.6441,Rx_802.15.4,N/A,90
83.6441,Tx_WiFi,0,90
83.6485,Rx_802.15.4,N/A,90
83.6485,Tx_WiFi,0,90
83.6608,Rx_802.15.4,N/A,90
83.6608,Tx_WiFi,2,90
83.6671,Rx_802.15.4,N/A,90
83.6671,Tx_WiFi,2,90
83.6718,Rx_802.15.4,N/A,90
83.6718,Tx_WiFi,2,90
83.6761,Rx_802.15.4,N/A,90
83.6761,Tx_WiFi,2,90
83.6824,Rx_802.15.4,N/A,90
83.6824,Tx_WiFi,2,90
83.6918,Rx_802.15.4,N/A,90
83.6918,Tx_WiFi,1,90
84.1369,Rx_802.15.4,N/A,90
84.1369,Tx_WiFi,2,90
84.1423,Rx_802.15.4,N/A,90
84.1423,Tx_WiFi,2,90
84.1523,Rx_802.15.4,N/A,90
84.1523,Tx_WiFi,2,90
84.1573,Rx_802.15.4,N/A,90
84.1573,Tx_WiFi,2,90
84.1606,Rx_802.15.4,N/A,47
84.1606,Tx_WiFi,2,47
84.1676,Rx_802.15.4,N/A,90
84.1676,Tx_WiFi,2,90
84.172,Rx_802.15.4,N/A,90
84.172,Tx_WiFi,2,90
84.1817,Rx_802.15.4,N/A,90
84.1817,Tx_WiFi,2,90
84.188,Rx_802.15.4,N/A,90
84.188,Tx_WiFi,2,90
84.5686,Rx_802.15.4,N/A,10
84.6278,Rx_802.15.4,N/A,90
84.6278,Tx_WiFi,2,90
84.6322,Rx_802.15.4,N/A,90
84.6322,Tx_WiFi,2,90
84.6435,Rx_802.15.4,N/A,90
84.6435,Tx_WiFi,2,90
84.6498,Rx_802.15.4,N/A,90
84.6498,Tx_WiFi,2,90
84.6585,Rx_802.15.4,N/A,90
84.6585,Tx_WiFi,2,90
84.6632,Rx_802.15.4,N/A,90
84.6632,Tx_WiFi,2,90
84.6748,Rx_802.15.4,N/A,90
84.6748,Tx_WiFi,1,90
85.1174,Rx_802.15.4,N/A,90
85.1174,Tx_WiFi,0,90
85.1237,Rx_802.15.4,N/A,90
85.1237,Tx_WiFi,0,90
85.1334,Rx_802.15.4,N/A,90
85.1334,Tx_WiFi,2,90
85.14,Rx_802.15.4,N/A,90
85.14,Tx_WiFi,2,90
85.1447,Rx_802.15.4,N/A,90
85.1447,Tx_WiFi,2,90
85.1495,Rx_802.15.4,N/A,90
85.1495,Tx_WiFi,2,90
85.1541,Rx_802.15.4,N/A,37
85.1541,Tx_WiFi,2,37
85.1635,Rx_802.15.4,N/A,90
85.1635,Tx_WiFi,2,90
85.1698,Rx_802.15.4,N/A,90
85.1698,Tx_WiFi,2,90
85.5673,Rx_802.15.4,N/A,10
85.6112,Rx_802.15.4,N/A,90
85.6112,Tx_WiFi,2,90
85.6162,Rx_802.15.4,N/A,90
85.6162,Tx_WiFi,2,90
85.6268,Rx_802.15.4,N/A,90
85.6268,Tx_WiFi,2,90
85.6312,Rx_802.15.4,N/A,90
85.6312,Tx_WiFi,2,90
85.6356,Rx_802.15.4,N/A,90
85.6356,Tx_WiFi,2,90
85.6419,Rx_802.15.4,N/A,90
85.6419,Tx_WiFi,2,90
85.6479,Rx_802.15.4,N/A,90
85.6479,Tx_WiFi,2,90
85.6579,Rx_802.15.4,N/A,90
85.6579,Tx_WiFi,1,90
86.102,Rx_802.15.4,N/A,90
86.102,Tx_WiFi,0,90
86.1087,Rx_802.15.4,N/A,90
86.1087,Tx_WiFi,0,90
86.1168,Rx_802.15.4,N/A,90
86.1168,Tx_WiFi,2,90
86.1221,Rx_802.15.4,N/A,90
86.1221,Tx_WiFi,2,90
86.1267,Rx_802.15.4,N/A,47
86.1267,Tx_WiFi,2,47
86.134,Rx_802.15.4,N/A,90
86.134,Tx_WiFi,2,90
86.1391,Rx_802.15.4,N/A,90
86.1391,Tx_WiFi,2,90
86.1478,Rx_802.15.4,N/A,90
86.1478,Tx_WiFi,2,90
86.1522,Rx_802.15.4,N/A,90
86.1522,Tx_WiFi,2,90
86.1641,Rx_802.15.4,N/A,90
86.1641,Tx_WiFi,3,90
86.5664,Rx_802.15.4,N/A,10
86.5936,Rx_802.15.4,N/A,90
86.5936,Tx_WiFi,3,90
86.6002,Rx_802.15.4,N/A,90
86.6002,Tx_WiFi,3,90
86.6073,Rx_802.15.4,N/A,90
86.6073,Tx_WiFi,2,90
86.6124,Rx_802.15.4,N/A,90
86.6124,Tx_WiFi,2,90
86.6233,Rx_802.15.4,N/A,90
86.6233,Tx_WiFi,2,90
86.63,Rx_802.15.4,N/A,90
86.63,Tx_WiFi,2,90
87.0857,Rx_802.15.4,N/A,90
87.0857,Tx_WiFi,0,90
87.0917,Rx_802.15.4,N/A,90
87.0917,Tx_WiFi,0,90
87.0995,Rx_802.15.4,N/A,90
87.0995,Tx_WiFi,2,90
87.1061,Rx_802.15.4,N/A,90
87.1061,Tx_WiFi,2,90
87.1115,Rx_802.15.4,N/A,90
87.1115,Tx_WiFi,2,90
87.1171,Rx_802.15.4,N/A,90
87.1171,Tx_WiFi,2,90
87.1204,Rx_802.15.4,N/A,36
87.1204,Tx_WiFi,2,36
87.1302,Rx_802.15.4,N/A,90
87.1302,Tx_WiFi,2,90
87.1349,Rx_802.15.4,N/A,90
87.1349,Tx_WiFi,2,90
87.1462,Rx_802.15.4,N/A,90
87.1462,Tx_WiFi,1,90
87.5628,Rx_802.15.4,N/A,10
87.5772,Rx_802.15.4,N/A,90
87.5772,Tx_WiFi,0,90
87.5823,Rx_802.15.4,N/A,90
87.5823,Tx_WiFi,0,90
87.5913,Rx_802.15.4,N/A,90
87.5913,Tx_WiFi,2,90
87.5967,Rx_802.15.4,N/A,90
87.5967,Tx_WiFi,2,90
87.6004,Rx_802.15.4,N/A,58
87.6004,Tx_WiFi,2,58
87.6057,Rx_802.15.4,N/A,90
87.6057,Tx_WiFi,2,90
87.6117,Rx_802.15.4,N/A,90
87.6117,Tx_WiFi,2,90
87.623,Rx_802.15.4,N/A,90
87.623,Tx_WiFi,1,90
88.0332,Rx_802.15.4,N/A,10
88.0681,Rx_802.15.4,N/A,90
88.0681,Tx_WiFi,2,90
88.0744,Rx_802.15.4,N/A,90
88.0744,Tx_WiFi,2,90
88.0822,Rx_802.15.4,N/A,90
88.0822,Tx_WiFi,2,90
88.0866,Rx_802.15.4,N/A,90
88.0866,Tx_WiFi,2,90
88.0976,Rx_802.15.4,N/A,90
88.0976,Tx_WiFi,2,90
88.1039,Rx_802.15.4,N/A,90
88.1039,Tx_WiFi,2,90
88.5574,Rx_802.15.4,N/A,90
88.5574,Tx_WiFi,2,90
88.564,Rx_802.15.4,N/A,90
88.564,Tx_WiFi,2,90
88.5728,Rx_802.15.4,N/A,90
88.5728,Tx_WiFi,2,90
88.5781,Rx_802.15.4,N/A,90
88.5781,Tx_WiFi,2,90
88.5838,Rx_802.15.4,N/A,90
88.5838,Tx_WiFi,2,90
88.6038,Rx_802.15.4,N/A,90
88.6038,Tx_WiFi,2,90
88.6095,Rx_802.15.4,N/A,90
88.6095,Tx_WiFi,2,90
88.6195,Rx_802.15.4,N/A,90
88.6195,Tx_WiFi,2,90
88.6248,Rx_802.15.4,N/A,90
88.6248,Tx_WiFi,2,90
88.6358,Rx_802.15.4,N/A,90
88.6358,Tx_WiFi,1,90
89.0505,Rx_802.15.4,N/A,90
89.0505,Tx_WiFi,2,90
89.0552,Rx_802.15.4,N/A,90
89.0552,Tx_WiFi,2,90
89.0656,Rx_802.15.4,N/A,90
89.0656,Tx_WiFi,2,90
89.07,Rx_802.15.4,N/A,90
89.07,Tx_WiFi,2,90
89.0743,Rx_802.15.4,N/A,90
89.0743,Tx_WiFi,2,90
89.0966,Rx_802.15.4,N/A,90
89.0966,Tx_WiFi,0,90
89.1015,Rx_802.15.4,N/A,36
89.1015,Tx_WiFi,0,36
89.1116,Rx_802.15.4,N/A,90
89.1116,Tx_WiFi,2,90
89.118,Rx_802.15.4,N/A,90
89.118,Tx_WiFi,2,90
89.5169,Rx_802.15.4,N/A,10
89.5417,Rx_802.15.4,N/A,90
89.5417,Tx_WiFi,2,90
89.5471,Rx_802.15.4,N/A,90
89.5471,Tx_WiFi,2,90
89.5587,Rx_802.15.4,N/A,90
89.5587,Tx_WiFi,2,90
89.565,Rx_802.15.4,N/A,90
89.565,Tx_WiFi,2,90
89.5705,Rx_802.15.4,N/A,55
89.5705,Tx_WiFi,2,55
89.5772,Rx_802.15.4,N/A,90
89.5772,Tx_WiFi,2,90
89.5872,Rx_802.15.4,N/A,90
89.5872,Tx_WiFi,1,90
89.9711,Rx_802.15.4,N/A,10
90.0342,Rx_802.15.4,N/A,90
90.0342,Tx_WiFi,2,90
90.0392,Rx_802.15.4,N/A,90
90.0392,Tx_WiFi,2,90
90.0496,Rx_802.15.4,N/A,90
90.0496,Tx_WiFi,2,90
90.0552,Rx_802.15.4,N/A,90
90.0552,Tx_WiFi,2,90
90.0649,Rx_802.15.4,N/A,90
90.0649,Tx_WiFi,2,90
90.0706,Rx_802.15.4,N/A,90
90.0706,Tx_WiFi,2,90
90.0796,Rx_802.15.4,N/A,90
90.0796,Tx_WiFi,1,90
90.5251,Rx_802.15.4,N/A,90
90.5251,Tx_WiFi,2,90
90.5317,Rx_802.15.4,N/A,90
90.5317,Tx_WiFi,2,90
90.5401,Rx_802.15.4,N/A,90
90.5401,Tx_WiFi,2,90
90.5458,Rx_802.15.4,N/A,90
90.5458,Tx_WiFi,2,90
90.5511,Rx_802.15.4,N/A,90
90.5511,Tx_WiFi,2,90
90.5577,Rx_802.15.4,N/A,90
90.5577,Tx_WiFi,2,90
90.5608,Rx_802.15.4,N/A,39
90.5608,Tx_WiFi,2,39
90.5721,Rx_802.15.4,N/A,90
90.5721,Tx_WiFi,2,90
90.5775,Rx_802.15.4,N/A,90
90.5775,Tx_WiFi,2,90
90.9922,Rx_802.15.4,N/A,10
91.0172,Rx_802.15.4,N/A,90
91.0172,Tx_WiFi,0,90
91.0216,Rx_802.15.4,N/A,90
91.0216,Tx_WiFi,0,90
91.031,Rx_802.15.4,N/A,90
91.031,Tx_WiFi,2,90
91.0367,Rx_802.15.4,N/A,90
91.0367,Tx_WiFi,2,90
91.042,Rx_802.15.4,N/A,90
91.042,Tx_WiFi,2,90
91.0476,Rx_802.15.4,N/A,90
91.0476,Tx_WiFi,2,90
91.053,Rx_802.15.4,N/A,90
91.053,Tx_WiFi,2,90
91.0633,Rx_802.15.4,N/A,90
91.0633,Tx_WiFi,1,90
91.4767,Rx_802.15.4,N/A,10
91.5072,Rx_802.15.4,N/A,90
91.5072,Tx_WiFi,2,90
91.5138,Rx_802.15.4,N/A,90
91.5138,Tx_WiFi,2,90
91.5244,Rx_802.15.4,N/A,90
91.5244,Tx_WiFi,2,90
91.5295,Rx_802.15.4,N/A,90
91.5295,Tx_WiFi,2,90
91.5339,Rx_802.15.4,N/A,51
91.5339,Tx_WiFi,2,51
91.5379,Rx_802.15.4,N/A,90
91.5379,Tx_WiFi,2,90
91.5429,Rx_802.15.4,N/A,90
91.5429,Tx_WiFi,2,90
91.5548,Rx_802.15.4,N/A,90
91.5548,Tx_WiFi,2,90
91.5605,Rx_802.15.4,N/A,90
91.5605,Tx_WiFi,2,90
91.5702,Rx_802.15.4,N/A,90
91.5702,Tx_WiFi,1,90
91.9374,Rx_802.15.4,N/A,10
91.9987,Rx_802.15.4,N/A,90
91.9987,Tx_WiFi,2,90
92.0033,Rx_802.15.4,N/A,38
92.0033,Tx_WiFi,2,38
92.0156,Rx_802.15.4,N/A,90
92.0156,Tx_WiFi,0,90
92.0223,Rx_802.15.4,N/A,90
92.0223,Tx_WiFi,0,90
92.0297,Rx_802.15.4,N/A,90
92.0297,Tx_WiFi,2,90
92.0351,Rx_802.15.4,N/A,90
92.0351,Tx_WiFi,2,90
92.0605,Rx_802.15.4,N/A,73
92.0605,Tx_WiFi,3,73
92.4278,Rx_802.15.4,N/A,10
92.4915,Rx_802.15.4,N/A,90
92.4915,Tx_WiFi,2,90
92.4972,Rx_802.15.4,N/A,90
92.4972,Tx_WiFi,2,90
92.5028,Rx_802.15.4,N/A,90
92.5028,Tx_WiFi,2,90
92.5099,Rx_802.15.4,N/A,90
92.5099,Tx_WiFi,2,90
92.5125,Rx_802.15.4,N/A,37
92.5125,Tx_WiFi,2,37
92.5222,Rx_802.15.4,N/A,90
92.5222,Tx_WiFi,2,90
92.5269,Rx_802.15.4,N/A,90
92.5269,Tx_WiFi,2,90
92.5363,Rx_802.15.4,N/A,90
92.5363,Tx_WiFi,1,90
92.9359,Rx_802.15.4,N/A,10
92.984,Rx_802.15.4,N/A,90
92.984,Tx_WiFi,0,90
92.9896,Rx_802.15.4,N/A,90
92.9896,Tx_WiFi,0,90
92.998,Rx_802.15.4,N/A,90
92.998,Tx_WiFi,2,90
93.0047,Rx_802.15.4,N/A,90
93.0047,Tx_WiFi,2,90
93.0083,Rx_802.15.4,N/A,56
93.0083,Tx_WiFi,2,56
93.0131,Rx_802.15.4,N/A,90
93.0131,Tx_WiFi,2,90
93.0191,Rx_802.15.4,N/A,90
93.0191,Tx_WiFi,2,90
93.4325,Rx_802.15.4,N/A,10
93.4758,Rx_802.15.4,N/A,90
93.4758,Tx_WiFi,0,90
93.4821,Rx_802.15.4,N/A,90
93.4821,Tx_WiFi,0,90
93.4915,Rx_802.15.4,N/A,90
93.4915,Tx_WiFi,2,90
93.4978,Rx_802.15.4,N/A,90
93.4978,Tx_WiFi,2,90
93.5056,Rx_802.15.4,N/A,90
93.5056,Tx_WiFi,2,90
93.5106,Rx_802.15.4,N/A,90
93.5106,Tx_WiFi,2,90
93.5212,Rx_802.15.4,N/A,90
93.5212,Tx_WiFi,1,90
93.9664,Rx_802.15.4,N/A,90
93.9664,Tx_WiFi,2,90
93.9711,Rx_802.15.4,N/A,90
93.9711,Tx_WiFi,2,90
93.9804,Rx_802.15.4,N/A,90
93.9804,Tx_WiFi,2,90
93.9864,Rx_802.15.4,N/A,90
93.9864,Tx_WiFi,2,90
93.9908,Rx_802.15.4,N/A,90
93.9908,Tx_WiFi,2,90
94.0128,Rx_802.15.4,N/A,90
94.0128,Tx_WiFi,2,90
94.0188,Rx_802.15.4,N/A,90
94.0188,Tx_WiFi,2,90
94.0278,Rx_802.15.4,N/A,90
94.0278,Tx_WiFi,2,90
94.0335,Rx_802.15.4,N/A,90
94.0335,Tx_WiFi,2,90
94.0419,Rx_802.15.4,N/A,90
94.0419,Tx_WiFi,1,90
94.4582,Rx_802.15.4,N/A,90
94.4582,Tx_WiFi,2,90
94.4636,Rx_802.15.4,N/A,90
94.4636,Tx_WiFi,2,90
94.4745,Rx_802.15.4,N/A,90
94.4745,Tx_WiFi,2,90
94.4808,Rx_802.15.4,N/A,90
94.4808,Tx_WiFi,2,90
94.4875,Rx_802.15.4,N/A,90
94.4875,Tx_WiFi,2,90
94.5052,Rx_802.15.4,N/A,90
94.5052,Tx_WiFi,2,90
94.5083,Rx_802.15.4,N/A,39
94.5083,Tx_WiFi,2,39
94.5196,Rx_802.15.4,N/A,90
94.5196,Tx_WiFi,2,90
94.5244,Rx_802.15.4,N/A,90
94.5244,Tx_WiFi,2,90
94.894,Rx_802.15.4,N/A,10
94.9491,Rx_802.15.4,N/A,90
94.9491,Tx_WiFi,2,90
94.9535,Rx_802.15.4,N/A,90
94.9535,Tx_WiFi,2,90
94.9654,Rx_802.15.4,N/A,90
94.9654,Tx_WiFi,2,90
94.9711,Rx_802.15.4,N/A,90
94.9711,Tx_WiFi,2,90
94.9743,Rx_802.15.4,N/A,44
94.9743,Tx_WiFi,2,44
94.9817,Rx_802.15.4,N/A,90
94.9817,Tx_WiFi,2,90
94.9864,Rx_802.15.4,N/A,39
94.9864,Tx_WiFi,2,39
94.9958,Rx_802.15.4,N/A,90
94.9958,Tx_WiFi,1,90
95.4152,Rx_802.15.4,N/A,10
95.4174,Rx_802.15.4,N/A,10
95.4393,Rx_802.15.4,N/A,90
95.4393,Tx_WiFi,2,90
95.4453,Rx_802.15.4,N/A,90
95.4453,Tx_WiFi,2,90
95.4553,Rx_802.15.4,N/A,90
95.4553,Tx_WiFi,2,90
95.462,Rx_802.15.4,N/A,90
95.462,Tx_WiFi,2,90
95.4697,Rx_802.15.4,N/A,90
95.4697,Tx_WiFi,1,90
95.9305,Rx_802.15.4,N/A,90
95.9305,Tx_WiFi,2,90
95.9372,Rx_802.15.4,N/A,90
95.9372,Tx_WiFi,2,90
95.9465,Rx_802.15.4,N/A,90
95.9465,Tx_WiFi,2,90
95.9516,Rx_802.15.4,N/A,90
95.9516,Tx_WiFi,2,90
95.9569,Rx_802.15.4,N/A,90
95.9569,Tx_WiFi,2,90
95.9766,Rx_802.15.4,N/A,90
95.9766,Tx_WiFi,2,90
95.9813,Rx_802.15.4,N/A,90
95.9813,Tx_WiFi,2,90
95.9923,Rx_802.15.4,N/A,90
95.9923,Tx_WiFi,2,90
95.9989,Rx_802.15.4,N/A,90
95.9989,Tx_WiFi,2,90
96.423,Rx_802.15.4,N/A,90
96.423,Tx_WiFi,2,90
96.429,Rx_802.15.4,N/A,90
96.429,Tx_WiFi,2,90
96.4377,Rx_802.15.4,N/A,90
96.4377,Tx_WiFi,2,90
96.444,Rx_802.15.4,N/A,90
96.444,Tx_WiFi,2,90
96.45,Rx_802.15.4,N/A,90
96.45,Tx_WiFi,2,90
96.4558,Rx_802.15.4,N/A,90
96.4558,Tx_WiFi,2,90
96.4604,Rx_802.15.4,N/A,37
96.4604,Tx_WiFi,2,37
96.4675,Rx_802.15.4,N/A,90
96.4675,Tx_WiFi,2,90
96.4735,Rx_802.15.4,N/A,90
96.4735,Tx_WiFi,2,90
96.4825,Rx_802.15.4,N/A,90
96.4825,Tx_WiFi,1,90
96.8995,Rx_802.15.4,N/A,10
96.9152,Rx_802.15.4,N/A,90
96.9152,Tx_WiFi,2,90
96.9199,Rx_802.15.4,N/A,90
96.9199,Tx_WiFi,2,90
96.9321,Rx_802.15.4,N/A,90
96.9321,Tx_WiFi,2,90
96.9381,Rx_802.15.4,N/A,90
96.9381,Tx_WiFi,2,90
96.9423,Rx_802.15.4,N/A,44
96.9423,Tx_WiFi,2,44
96.9465,Rx_802.15.4,N/A,90
96.9465,Tx_WiFi,2,90
96.9516,Rx_802.15.4,N/A,90
96.9516,Tx_WiFi,2,90
96.9609,Rx_802.15.4,N/A,90
96.9609,Tx_WiFi,1,90
97.3634,Rx_802.15.4,N/A,10
97.4057,Rx_802.15.4,N/A,90
97.4057,Tx_WiFi,0,90
97.4104,Rx_802.15.4,N/A,90
97.4104,Tx_WiFi,0,90
97.4217,Rx_802.15.4,N/A,90
97.4217,Tx_WiFi,2,90
97.4274,Rx_802.15.4,N/A,90
97.4274,Tx_WiFi,2,90
97.4371,Rx_802.15.4,N/A,90
97.4371,Tx_WiFi,2,90
97.4434,Rx_802.15.4,N/A,90
97.4434,Tx_WiFi,2,90
97.8972,Rx_802.15.4,N/A,90
97.8972,Tx_WiFi,2,90
97.9029,Rx_802.15.4,N/A,90
97.9029,Tx_WiFi,2,90
97.9132,Rx_802.15.4,N/A,90
97.9132,Tx_WiFi,2,90
97.9176,Rx_802.15.4,N/A,90
97.9176,Tx_WiFi,2,90
97.922,Rx_802.15.4,N/A,90
97.922,Tx_WiFi,2,90
97.9289,Rx_802.15.4,N/A,90
97.9289,Tx_WiFi,2,90
97.9349,Rx_802.15.4,N/A,90
97.9349,Tx_WiFi,2,90
97.9443,Rx_802.15.4,N/A,90
97.9443,Tx_WiFi,2,90
97.9509,Rx_802.15.4,N/A,90
97.9509,Tx_WiFi,2,90
97.96,Rx_802.15.4,N/A,90
97.96,Tx_WiFi,1,90
98.3888,Rx_802.15.4,N/A,90
98.3888,Tx_WiFi,2,90
98.3951,Rx_802.15.4,N/A,90
98.3951,Tx_WiFi,2,90
98.4025,Rx_802.15.4,N/A,90
98.4025,Tx_WiFi,2,90
98.4082,Rx_802.15.4,N/A,90
98.4082,Tx_WiFi,2,90
98.4135,Rx_802.15.4,N/A,59
98.4135,Tx_WiFi,2,59
98.4348,Rx_802.15.4,N/A,90
98.4348,Tx_WiFi,2,90
98.4382,Rx_802.15.4,N/A,37
98.4382,Tx_WiFi,2,37
98.4492,Rx_802.15.4,N/A,90
98.4492,Tx_WiFi,2,90
98.4556,Rx_802.15.4,N/A,90
98.4556,Tx_WiFi,2,90
98.8478,Rx_802.15.4,N/A,10
98.856,Rx_802.15.4,N/A,10
98.8819,Rx_802.15.4,N/A,90
98.8819,Tx_WiFi,2,90
98.8876,Rx_802.15.4,N/A,90
98.8876,Tx_WiFi,2,90
98.8985,Rx_802.15.4,N/A,90
98.8985,Tx_WiFi,2,90
98.9045,Rx_802.15.4,N/A,90
98.9045,Tx_WiFi,2,90
98.9132,Rx_802.15.4,N/A,90
98.9132,Tx_WiFi,1,90
99.3724,Rx_802.15.4,N/A,90
99.3724,Tx_WiFi,2,90
99.3768,Rx_802.15.4,N/A,90
99.3768,Tx_WiFi,2,90
99.3888,Rx_802.15.4,N/A,90
99.3888,Tx_WiFi,2,90
99.3938,Rx_802.15.4,N/A,90
99.3938,Tx_WiFi,2,90
99.4001,Rx_802.15.4,N/A,90
99.4001,Tx_WiFi,2,90
99.4188,Rx_802.15.4,N/A,90
99.4188,Tx_WiFi,2,90
99.4255,Rx_802.15.4,N/A,90
99.4255,Tx_WiFi,2,90
99.4339,Rx_802.15.4,N/A,90
99.4339,Tx_WiFi,2,90
99.4396,Rx_802.15.4,N/A,90
99.4396,Tx_WiFi,2,90
99.4492,Rx_802.15.4,N/A,90
99.4492,Tx_WiFi,0,90
99.8099,Rx_802.15.4,N/A,10
99.8649,Rx_802.15.4,N/A,90
99.8649,Tx_WiFi,0,90
99.8706,Rx_802.15.4,N/A,90
99.8706,Tx_WiFi,0,90
99.8787,Rx_802.15.4,N/A,90
99.8787,Tx_WiFi,2,90
99.8844,Rx_802.15.4,N/A,90
99.8844,Tx_WiFi,2,90
99.8894,Rx_802.15.4,N/A,90
99.8894,Tx_WiFi,2,90
99.8947,Rx_802.15.4,N/A,90
99.8947,Tx_WiFi,2,90
99.8976,Rx_802.15.4,N/A,35
99.8976,Tx_WiFi,2,35
99.9097,Rx_802.15.4,N/A,90
99.9097,Tx_WiFi,2,90
99.9157,Rx_802.15.4,N/A,90
99.9157,Tx_WiFi,2,90
