Time_s,NodeID,SeqNum,Priority,Size_bytes
2.04678,2,2550202623,2,101
2.04678,2,2566979839,2,101
2.06214,3,1812005119,2,101
2.06214,3,1828782335,2,101
2.06214,3,1845559551,2,101
2.0775,5,1845559551,2,101
2.0775,5,1862336767,2,101
2.09286,10,3791716607,2,101
2.09286,10,3808493823,2,101
2.5383,2,2583757055,2,101
2.5383,2,2600534271,2,101
2.55366,3,1862336767,2,101
2.55366,3,1879113983,2,101
2.55366,3,1895891199,2,60
2.56902,5,1879113983,2,101
2.56902,5,1895891199,2,46
2.58438,10,3825271039,2,101
2.58438,10,3842048255,2,101
2.59974,8,3925934335,1,101
3.02982,2,2617311487,2,101
3.02982,2,2634088703,2,101
3.04518,10,3858825471,2,101
3.04518,10,3875602687,2,101
3.52102,2,2650865919,2,101
3.52102,2,2667643135,2,101
3.53638,3,1929445631,2,101
3.53638,3,1946222847,2,101
3.53638,3,1963000063,2,101
3.5671,5,1929445631,2,101
3.5671,5,1946222847,2,101
3.58246,10,3892379903,2,101
3.58246,10,3909157119,2,101
3.59782,8,3942711551,0,101
4.01382,2,2684420351,2,101
4.01382,2,2701197567,2,101
4.02918,3,1979777279,2,101
4.02918,3,1996554495,2,101
4.02918,3,2013331711,2,101
4.04454,5,1963000063,2,101
4.04454,5,1979777279,2,101
4.0599,10,3925934335,2,101
4.0599,10,3942711551,2,101
4.50406,2,2717974783,2,101
4.50406,2,2734751999,2,101
4.51942,3,2030108927,2,101
4.51942,3,2046886143,2,101
4.51942,3,2063663359,2,68
4.53478,5,1996554495,2,101
4.53478,5,2013331711,2,50
4.55014,10,3959488767,2,101
4.55014,10,3976265983,2,101
4.5655,8,3959488767,1,101
4.99526,2,2751529215,2,101
4.99526,2,2768306431,2,46
5.01062,10,3993043199,2,101
5.01062,10,4009820415,2,101
5.02598,8,3976265983,1,101
5.48646,3,2097217791,2,101
5.48646,3,2113995007,2,101
5.48646,3,2130772223,2,101
5.50182,5,2046886143,2,101
5.50182,5,2063663359,2,101
5.51718,10,4026597631,2,101
5.51718,10,4043374847,2,101
5.9783,2,2801860863,2,101
5.9783,2,2818638079,2,101
5.99366,3,2147549439,2,101
5.99366,3,2164326655,2,101
5.99366,3,2181103871,2,60
6.00902,5,2080440575,2,101
6.00902,5,2097217791,2,101
6.02438,10,4060152063,3,101
6.02438,10,4076929279,3,101
6.03974,8,3993043199,1,101
6.4695,2,2835415295,2,101
6.4695,2,2852192511,2,101
6.48486,5,2113995007,2,101
6.48486,5,2130772223,2,50
6.50022,10,4093706495,2,101
6.50022,10,4110483711,2,101
6.51558,8,4009820415,1,101
6.96294,2,2868969727,2,101
6.96294,2,2885746943,2,101
6.9783,3,2214658303,2,101
6.9783,3,2231435519,2,101
6.9783,3,2248212735,2,101
7.00902,10,4127260927,2,101
7.00902,10,4144038143,2,101
7.45414,2,2902524159,0,101
7.45414,2,2919301375,0,101
7.4695,3,2264989951,2,101
7.4695,3,2281767167,2,101
7.4695,3,2298544383,2,101
7.48486,5,2164326655,2,101
7.48486,5,2181103871,2,101
7.50022,10,4160815359,2,101
7.50022,10,4177592575,2,101
7.51558,8,4026597631,1,101
7.94406,2,2936078591,2,101
7.94406,2,2952855807,2,101
7.95942,3,2315321599,2,101
7.95942,3,2332098815,2,101
7.95942,3,2348876031,2,59
7.97478,5,2197881087,0,101
7.97478,5,2214658303,0,49
7.99014,10,4194369791,2,101
7.99014,10,4211147007,2,48
8.43558,2,2969633023,2,101
8.43558,2,2986410239,2,101
8.45094,8,4043374847,1,101
8.92806,2,3003187455,0,101
8.92806,2,3019964671,0,101
8.94342,3,2382430463,2,101
8.94342,3,2399207679,2,101
8.94342,3,2415984895,2,101
8.97414,5,2248212735,2,101
8.97414,5,2264989951,2,101
8.9895,10,4244701439,2,101
8.9895,10,4261478655,2,101
9.00486,8,4060152063,1,101
9.4183,2,3036741887,2,101
9.4183,2,3053519103,2,101
9.43366,3,2432762111,2,101
9.43366,3,2449539327,2,101
9.43366,3,2466316543,2,101
9.44902,5,2281767167,2,101
9.44902,5,2298544383,2,101
9.46438,10,4278255871,2,101
9.46438,10,65791,2,101
9.9111,2,3070296319,2,101
9.9111,2,3087073535,2,101
9.92646,3,2483093759,2,101
9.92646,3,2499870975,2,101
9.92646,3,2516648191,2,60
9.94182,5,2315321599,2,101
9.94182,5,2332098815,2,50
9.95718,10,16843007,2,101
9.95718,10,33620223,2,101
9.97254,8,4076929279,1,101
10.4013,2,3103850751,2,101
10.4013,2,3120627967,2,101
10.4167,10,50397439,2,101
10.4167,10,67174655,2,101
10.4321,8,4093706495,1,101
10.8932,2,3137405183,2,101
10.8932,2,3154182399,2,101
10.9085,3,2550202623,2,101
10.9085,3,2566979839,2,101
10.9085,3,2583757055,2,101
10.9239,5,2365653247,2,101
10.9239,5,2382430463,2,101
10.9393,10,83951871,2,101
10.9393,10,100729087,2,101
11.3853,2,3170959615,2,101
11.3853,2,3187736831,2,101
11.4007,3,2600534271,2,101
11.4007,3,2617311487,2,101
11.4007,3,2634088703,2,101
11.4161,5,2399207679,2,101
11.4161,5,2415984895,2,101
11.4314,10,117506303,2,101
11.4314,10,134283519,2,101
11.4468,8,4110483711,1,101
11.4621,11,2634088703,3,82
11.8778,2,3204514047,0,101
11.8778,2,3221291263,0,101
11.8932,3,2650865919,2,101
11.8932,3,2667643135,2,101
11.8932,3,2684420351,2,56
11.9085,5,2432762111,3,101
11.9085,5,2449539327,3,49
11.9239,10,151060735,2,101
11.9239,10,167837951,2,101
11.9393,8,4127260927,1,101
12.369,2,3238068479,2,101
12.369,2,3254845695,2,101
12.3844,10,184615167,2,101
12.3844,10,201392383,2,101
12.8612,2,3271622911,2,101
12.8612,2,3288400127,2,101
12.8765,3,2717974783,2,101
12.8765,3,2734751999,2,101
12.8765,3,2751529215,2,101
12.8919,5,2483093759,2,101
12.8919,5,2499870975,2,101
12.9073,10,218169599,2,101
12.9073,10,234946815,2,101
12.9226,8,4144038143,1,101
13.3514,2,3305177343,2,101
13.3514,2,3321954559,2,101
13.3668,3,2768306431,2,101
13.3668,3,2785083647,2,101
13.3668,3,2801860863,2,51
13.3975,5,2516648191,2,101
13.3975,5,2533425407,2,101
13.4129,10,251724031,2,101
13.4129,10,268501247,2,101
13.8423,2,3338731775,2,101
13.8423,2,3355508991,2,101
13.8577,5,2550202623,2,101
13.8577,5,2566979839,2,50
13.873,10,285278463,2,101
13.873,10,302055679,2,101
13.8884,8,4160815359,1,101
13.9037,9,2868969727,3,84
14.3341,2,3372286207,2,101
14.3341,2,3389063423,2,101
14.3495,3,2835415295,2,101
14.3495,3,2852192511,2,101
14.3495,3,2868969727,2,101
14.3802,10,318832895,2,101
14.3802,10,335610111,2,101
14.3956,8,4177592575,3,101
14.8273,2,3405840639,2,101
14.8273,2,3422617855,2,101
14.8426,3,2885746943,2,101
14.8426,3,2902524159,2,101
14.8426,3,2919301375,2,101
14.8733,5,2600534271,2,101
14.8733,5,2617311487,2,101
14.8887,10,352387327,2,101
14.8887,10,369164543,2,101
15.3178,2,3439395071,2,101
15.3178,2,3456172287,2,101
15.3332,3,2936078591,2,101
15.3332,3,2952855807,2,101
15.3332,3,2969633023,2,65
15.3485,5,2634088703,2,101
15.3485,5,2650865919,2,101
15.3639,10,385941759,2,101
15.3639,10,402718975,2,101
15.3793,8,4194369791,3,101
15.8097,2,3472949503,2,101
15.8097,2,3489726719,2,101
15.825,5,2667643135,2,101
15.825,5,2684420351,2,49
15.8404,10,419496191,2,101
15.8404,10,436273407,2,101
15.8557,8,4211147007,1,101
16.3005,2,3506503935,0,101
16.3005,2,3523281151,0,101
16.3159,3,3003187455,2,101
16.3159,3,3019964671,2,101
16.3159,3,3036741887,2,101
16.3313,10,453050623,2,101
16.3313,10,469827839,2,101
16.793,2,3540058367,2,101
16.793,2,3556835583,2,101
16.8084,3,3053519103,2,101
16.8084,3,3070296319,2,101
16.8084,3,3087073535,2,101
16.8237,5,2717974783,2,101
16.8237,5,2734751999,2,101
16.8391,10,486605055,2,101
16.8391,10,503382271,2,101
16.8545,8,4227924223,3,101
17.2845,2,3573612799,2,101
17.2845,2,3590390015,2,101
17.2999,3,3103850751,2,101
17.2999,3,3120627967,2,101
17.2999,3,3137405183,2,61
17.3153,5,2751529215,2,101
17.3153,5,2768306431,2,49
17.3306,10,520159487,2,101
17.3306,10,536936703,2,101
17.7764,2,3607167231,2,101
17.7764,2,3623944447,2,101
17.7917,10,553713919,2,101
17.7917,10,570491135,2,101
17.8071,8,4244701439,1,101
17.8225,11,2667643135,3,84
18.2673,2,3640721663,0,101
18.2673,2,3657498879,0,101
18.2826,3,3170959615,2,101
18.2826,3,3187736831,2,101
18.2826,3,3204514047,2,101
18.298,5,2801860863,0,101
18.298,5,2818638079,0,101
18.3133,10,587268351,2,101
18.3133,10,604045567,2,101
18.3287,8,4261478655,1,101
18.7575,2,3674276095,2,101
18.7575,2,3691053311,2,101
18.7729,3,3221291263,2,101
18.7729,3,3238068479,2,101
18.7729,3,3254845695,2,57
18.7882,5,2835415295,2,101
18.7882,5,2852192511,2,101
18.8036,10,620822783,2,101
18.8036,10,637599999,2,101
19.249,2,3707830527,2,101
19.249,2,3724607743,2,49
19.2644,5,2868969727,2,101
19.2644,5,2885746943,2,49
19.2797,10,654377215,2,101
19.2797,10,671154431,2,101
19.2951,8,4278255871,1,101
19.7405,3,3288400127,2,101
19.7405,3,3305177343,2,101
19.7405,3,3321954559,2,101
19.7713,10,687931647,2,101
19.7713,10,704708863,2,101
19.7866,8,65791,1,101
20.2324,2,3758162175,2,101
20.2324,2,3774939391,2,101
20.2477,3,3338731775,2,101
20.2477,3,3355508991,2,101
20.2477,3,3372286207,2,101
20.2631,5,2919301375,2,101
20.2631,5,2936078591,2,101
20.2785,10,721486079,2,101
20.2785,10,738263295,2,101
20.7233,2,3791716607,0,101
20.7233,2,3808493823,0,101
20.7386,3,3389063423,2,101
20.7386,3,3405840639,2,101
20.7386,3,3422617855,2,62
20.754,5,2952855807,2,101
20.754,5,2969633023,2,101
20.7693,10,755040511,2,101
20.7693,10,771817727,2,101
20.7847,8,16843007,1,101
21.2157,2,3825271039,2,101
21.2157,2,3842048255,2,101
21.2311,5,2986410239,2,101
21.2311,5,3003187455,2,47
21.2465,10,788594943,2,101
21.2465,10,805372159,2,46
21.7073,2,3858825471,0,101
21.7073,2,3875602687,0,101
21.7226,3,3456172287,2,101
21.7226,3,3472949503,2,101
21.7226,3,3489726719,2,101
21.738,8,33620223,1,101
22.2001,2,3892379903,2,101
22.2001,2,3909157119,2,101
22.2154,3,3506503935,2,101
22.2154,3,3523281151,2,101
22.2154,3,3540058367,2,101
22.2308,5,3036741887,2,101
22.2308,5,3053519103,2,101
22.2461,10,838926591,2,101
22.2461,10,855703807,2,101
22.2615,8,50397439,1,101
22.6893,2,3925934335,0,101
22.6893,2,3942711551,0,101
22.7047,3,3556835583,2,101
22.7047,3,3573612799,2,101
22.7047,3,3590390015,2,68
22.7201,5,3070296319,2,101
22.7201,5,3087073535,2,101
22.7354,10,872481023,2,101
22.7354,10,889258239,2,101
23.1828,2,3959488767,2,101
23.1828,2,3976265983,2,101
23.1981,5,3103850751,2,101
23.1981,5,3120627967,2,47
23.2135,10,906035455,2,101
23.2135,10,922812671,2,101
23.2289,8,67174655,1,101
23.6727,2,3993043199,2,101
23.6727,2,4009820415,2,101
23.6881,3,3623944447,2,101
23.6881,3,3640721663,2,101
23.6881,3,3657498879,2,101
23.7034,10,939589887,2,101
23.7034,10,956367103,2,101
23.7188,8,83951871,1,101
24.1642,2,4026597631,2,101
24.1642,2,4043374847,2,101
24.1796,3,3674276095,2,101
24.1796,3,3691053311,2,101
24.1796,3,3707830527,2,59
24.1949,5,3154182399,2,101
24.1949,5,3170959615,2,101
24.2103,10,973144319,2,101
24.2103,10,989921535,2,101
24.6567,2,4060152063,2,101
24.6567,2,4076929279,2,101
24.6721,5,3187736831,2,101
24.6721,5,3204514047,2,101
24.6874,10,1006698751,2,101
24.6874,10,1023475967,2,101
24.7028,8,100729087,1,101
25.1492,2,4093706495,2,101
25.1492,2,4110483711,2,101
25.1645,3,3741384959,2,101
25.1645,3,3758162175,2,101
25.1645,3,3774939391,2,101
25.1953,5,3221291263,2,101
25.1953,5,3238068479,2,49
25.2106,10,1040253183,2,101
25.2106,10,1057030399,2,101
25.226,8,117506303,1,101
25.6394,2,4127260927,2,101
25.6394,2,4144038143,2,101
25.6548,3,3791716607,2,101
25.6548,3,3808493823,2,101
25.6548,3,3825271039,2,101
25.6701,10,1073807615,2,101
25.6701,10,1090584831,2,101
26.1316,2,4160815359,2,101
26.1316,2,4177592575,2,101
26.1469,3,3842048255,2,101
26.1469,3,3858825471,2,101
26.1469,3,3875602687,2,66
26.1623,5,3271622911,2,101
26.1623,5,3288400127,2,101
26.1777,10,1107362047,2,101
26.1777,10,1124139263,2,101
26.193,8,134283519,1,101
26.6218,2,4194369791,2,101
26.6218,2,4211147007,2,101
26.6372,5,3305177343,2,101
26.6372,5,3321954559,2,50
26.6525,10,1140916479,2,101
26.6525,10,1157693695,2,101
27.114,2,4227924223,2,101
27.114,2,4244701439,2,101
27.1293,3,3909157119,2,101
27.1293,3,3925934335,2,101
27.1293,3,3942711551,2,101
27.1447,10,1174470911,2,101
27.1447,10,1191248127,2,101
27.1601,8,151060735,1,101
27.6068,2,4261478655,2,101
27.6068,2,4278255871,2,101
27.6221,3,3959488767,2,101
27.6221,3,3976265983,2,101
27.6221,3,3993043199,2,101
27.6375,5,3355508991,2,101
27.6375,5,3372286207,2,101
27.6529,10,1208025343,2,101
27.6529,10,1224802559,2,101
27.6682,8,167837951,1,101
28.0983,2,65791,2,101
28.0983,2,16843007,2,101
28.1137,3,4009820415,2,101
28.1137,3,4026597631,2,101
28.1137,3,4043374847,2,62
28.129,5,3389063423,2,101
28.129,5,3405840639,2,101
28.1444,10,1241579775,2,101
28.1444,10,1258356991,2,101
28.5879,2,33620223,2,101
28.5879,2,50397439,2,101
28.6033,5,3422617855,2,101
28.6033,5,3439395071,2,49
28.6186,10,1275134207,2,101
28.6186,10,1291911423,2,101
28.634,8,184615167,1,101
29.081,2,67174655,2,101
29.081,2,83951871,2,101
29.0964,3,4076929279,2,101
29.0964,3,4093706495,2,101
29.0964,3,4110483711,2,101
29.1117,10,1308688639,2,101
29.1117,10,1325465855,2,101
29.1271,8,201392383,3,101
29.5716,2,100729087,2,101
29.5716,2,117506303,2,101
29.5869,3,4127260927,2,101
29.5869,3,4144038143,2,101
29.5869,3,4160815359,2,68
29.6023,5,3472949503,2,101
29.6023,5,3489726719,2,101
29.6177,10,1342243071,2,101
29.6177,10,1359020287,2,101
30.0631,2,134283519,0,101
30.0631,2,151060735,0,101
30.0785,5,3506503935,2,101
30.0785,5,3523281151,2,101
30.0938,10,1375797503,2,101
30.0938,10,1392574719,2,101
30.1092,8,218169599,1,101
30.5559,2,167837951,2,101
30.5559,2,184615167,2,101
30.5713,3,4194369791,2,101
30.5713,3,4211147007,2,101
30.5713,3,4227924223,2,101
30.602,5,3540058367,2,101
30.602,5,3556835583,2,50
30.6173,10,1409351935,2,101
30.6173,10,1426129151,2,101
31.0461,2,201392383,2,101
31.0461,2,218169599,2,101
31.0615,3,4244701439,2,101
31.0615,3,4261478655,2,101
31.0615,3,4278255871,2,101
31.0769,10,1442906367,2,101
31.0769,10,1459683583,2,101
31.0922,8,234946815,0,101
31.5377,2,234946815,2,101
31.5377,2,251724031,2,101
31.553,3,65791,2,101
31.553,3,16843007,2,101
31.553,3,33620223,2,61
31.5684,10,1476460799,2,101
31.5684,10,1493238015,2,101
31.5837,8,251724031,3,101
31.5991,11,2701197567,3,85
32.0295,2,268501247,2,101
32.0295,2,285278463,2,101
32.0449,5,3607167231,2,101
32.0449,5,3623944447,2,101
32.0756,10,1510015231,2,101
32.0756,10,1526792447,2,101
32.5197,2,302055679,2,101
32.5197,2,318832895,2,101
32.5351,3,67174655,2,101
32.5351,3,83951871,2,101
32.5351,3,100729087,2,101
32.5505,5,3640721663,2,101
32.5505,5,3657498879,2,48
32.5812,10,1543569663,2,101
32.5812,10,1560346879,2,101
32.5965,8,268501247,1,101
33.0122,2,335610111,2,101
33.0122,2,352387327,2,101
33.0276,3,117506303,2,101
33.0276,3,134283519,2,101
33.0276,3,151060735,2,101
33.0429,10,1577124095,2,101
33.0429,10,1593901311,2,101
33.0583,8,285278463,1,101
33.505,2,369164543,2,101
33.505,2,385941759,2,101
33.5204,3,167837951,3,101
33.5204,3,184615167,3,101
33.5204,3,201392383,3,69
33.5357,5,3691053311,2,101
33.5357,5,3707830527,2,101
33.5511,10,1610678527,2,101
33.5511,10,1627455743,2,101
33.9956,2,402718975,2,101
33.9956,2,419496191,2,49
34.0109,5,3724607743,2,101
34.0109,5,3741384959,2,101
34.0263,10,1644232959,2,101
34.0263,10,1661010175,2,101
34.0417,8,302055679,1,101
34.4871,3,234946815,2,101
34.4871,3,251724031,2,101
34.4871,3,268501247,2,101
34.5025,5,3758162175,3,101
34.5025,5,3774939391,3,48
34.5178,10,1677787391,2,101
34.5178,10,1694564607,2,101
34.5485,9,2902524159,3,77
34.9783,2,453050623,2,101
34.9783,2,469827839,2,101
34.9937,3,285278463,2,101
34.9937,3,302055679,2,101
34.9937,3,318832895,2,58
35.0244,10,1711341823,2,101
35.0244,10,1728119039,2,101
35.0397,8,318832895,1,101
35.4701,2,486605055,2,101
35.4701,2,503382271,2,101
35.4855,5,3808493823,2,101
35.4855,5,3825271039,2,101
35.5009,10,1744896255,2,101
35.5009,10,1761673471,2,101
35.5162,8,335610111,1,101
35.962,2,520159487,2,101
35.962,2,536936703,2,101
35.9773,3,352387327,2,101
35.9773,3,369164543,2,101
35.9773,3,385941759,2,101
36.0081,5,3842048255,2,101
36.0081,5,3858825471,2,101
36.0234,10,1778450687,2,101
36.0234,10,1795227903,2,101
36.4529,2,553713919,2,101
36.4529,2,570491135,2,101
36.4682,3,402718975,2,101
36.4682,3,419496191,2,101
36.4682,3,436273407,2,101
36.4836,5,3875602687,2,101
36.4836,5,3892379903,2,47
36.4989,10,1812005119,2,101
36.4989,10,1828782335,2,50
36.5143,8,352387327,0,101
36.945,2,587268351,2,101
36.945,2,604045567,2,101
36.9604,3,453050623,2,101
36.9604,3,469827839,2,101
36.9604,3,486605055,2,56
36.9757,8,369164543,1,101
37.4356,2,620822783,2,101
37.4356,2,637599999,2,101
37.4509,5,3925934335,2,101
37.4509,5,3942711551,2,101
37.4663,10,1862336767,2,101
37.4663,10,1879113983,2,101
37.9281,2,654377215,2,101
37.9281,2,671154431,2,101
37.9434,3,520159487,2,101
37.9434,3,536936703,2,101
37.9434,3,553713919,2,101
37.9588,5,3959488767,2,101
37.9588,5,3976265983,2,50
37.9741,10,1895891199,2,101
37.9741,10,1912668415,2,101
37.9895,8,385941759,1,101
38.4186,2,687931647,2,101
38.4186,2,704708863,2,101
38.434,3,570491135,2,101
38.434,3,587268351,2,101
38.434,3,604045567,2,101
38.4493,10,1929445631,2,101
38.4493,10,1946222847,2,101
38.4647,8,402718975,0,101
38.9105,2,721486079,2,101
38.9105,2,738263295,2,101
38.9258,3,620822783,2,101
38.9258,3,637599999,2,101
38.9258,3,654377215,2,59
38.9412,5,4009820415,2,101
38.9412,5,4026597631,2,101
38.9565,10,1963000063,2,101
38.9565,10,1979777279,2,101
39.4026,2,755040511,2,101
39.4026,2,771817727,2,101
39.418,5,4043374847,0,101
39.418,5,4060152063,0,101
39.4333,10,1996554495,3,101
39.4333,10,2013331711,3,101
39.4487,8,419496191,1,101
39.4641,11,2734751999,3,84
39.8935,2,788594943,2,101
39.8935,2,805372159,2,101
39.9089,3,687931647,2,101
39.9089,3,704708863,2,101
39.9089,3,721486079,2,101
39.9242,5,4076929279,2,101
39.9242,5,4093706495,2,47
39.9396,10,2030108927,2,101
39.9396,10,2046886143,2,101
40.385,2,822149375,2,101
40.385,2,838926591,2,101
40.4004,3,738263295,2,101
40.4004,3,755040511,2,101
40.4004,3,771817727,2,101
40.4157,10,2063663359,2,101
40.4157,10,2080440575,2,101
40.4311,8,436273407,1,101
40.8772,2,855703807,2,101
40.8772,2,872481023,2,101
40.8925,3,788594943,2,101
40.8925,3,805372159,2,101
40.8925,3,822149375,2,50
40.9079,5,4127260927,2,101
40.9079,5,4144038143,2,101
40.9233,10,2097217791,2,101
40.9233,10,2113995007,2,101
40.9386,8,453050623,1,101
41.3693,2,889258239,2,101
41.3693,2,906035455,2,101
41.3847,5,4160815359,2,101
41.3847,5,4177592575,2,101
41.4001,10,2130772223,2,101
41.4001,10,2147549439,2,101
41.8586,2,922812671,2,101
41.8586,2,939589887,2,101
41.874,3,855703807,2,101
41.874,3,872481023,2,101
41.874,3,889258239,2,101
41.8893,5,4194369791,2,101
41.8893,5,4211147007,2,49
41.9047,10,2164326655,2,101
41.9047,10,2181103871,2,101
41.9201,8,469827839,1,101
42.3508,2,956367103,2,101
42.3508,2,973144319,2,101
42.3661,3,906035455,2,101
42.3661,3,922812671,2,101
42.3661,3,939589887,2,63
42.3815,10,2197881087,2,101
42.3815,10,2214658303,2,101
42.3969,8,486605055,3,101
42.8426,2,989921535,2,101
42.8426,2,1006698751,2,101
42.858,5,4244701439,2,101
42.858,5,4261478655,2,101
42.8733,10,2231435519,2,101
42.8733,10,2248212735,2,101
43.3332,2,1023475967,2,101
43.3332,2,1040253183,2,101
43.3485,3,973144319,2,101
43.3485,3,989921535,2,101
43.3485,3,1006698751,2,101
43.3793,5,4278255871,2,101
43.3793,5,65791,2,101
43.3946,10,2264989951,2,101
43.3946,10,2281767167,2,101
43.41,8,503382271,1,101
43.826,2,1057030399,0,101
43.826,2,1073807615,0,101
43.8413,3,1023475967,2,101
43.8413,3,1040253183,2,101
43.8413,3,1057030399,2,101
43.8567,5,16843007,0,101
43.8567,5,33620223,0,48
43.8721,10,2298544383,2,101
43.8721,10,2315321599,2,101
44.3165,2,1090584831,0,101
44.3165,2,1107362047,0,101
44.3319,3,1073807615,2,101
44.3319,3,1090584831,2,101
44.3319,3,1107362047,2,66
44.3473,10,2332098815,2,101
44.3473,10,2348876031,2,101
44.3626,8,520159487,1,101
44.378,11,2768306431,3,87
44.8084,2,1124139263,2,101
44.8084,2,1140916479,2,101
44.8237,5,67174655,0,101
44.8237,5,83951871,0,101
44.8391,10,2365653247,2,101
44.8391,10,2382430463,2,101
44.8545,8,536936703,1,101
45.3002,2,1157693695,2,101
45.3002,2,1174470911,2,101
45.3156,3,1140916479,2,101
45.3156,3,1157693695,2,101
45.3156,3,1174470911,2,101
45.3309,5,100729087,2,101
45.3309,5,117506303,2,101
45.3463,10,2399207679,2,101
45.3463,10,2415984895,2,101
45.7924,2,1191248127,2,101
45.7924,2,1208025343,2,101
45.8077,3,1191248127,2,101
45.8077,3,1208025343,2,101
45.8077,3,1224802559,2,101
45.8231,5,134283519,2,101
45.8231,5,151060735,2,50
45.8385,10,2432762111,2,101
45.8385,10,2449539327,2,101
45.8538,8,553713919,3,101
46.2833,2,1224802559,2,101
46.2833,2,1241579775,2,101
46.2986,3,1241579775,2,101
46.2986,3,1258356991,2,101
46.2986,3,1275134207,2,60
46.314,10,2466316543,2,101
46.314,10,2483093759,2,101
46.3293,8,570491135,1,101
46.7761,2,1258356991,2,101
46.7761,2,1275134207,2,101
46.7914,5,184615167,2,101
46.7914,5,201392383,2,101
46.8068,10,2499870975,2,101
46.8068,10,2516648191,2,101
47.2669,2,1291911423,2,101
47.2669,2,1308688639,2,101
47.2823,3,1308688639,2,101
47.2823,3,1325465855,2,101
47.2823,3,1342243071,2,101
47.2977,5,218169599,2,101
47.2977,5,234946815,2,101
47.313,10,2533425407,2,101
47.313,10,2550202623,2,101
47.3284,8,587268351,3,101
47.7585,2,1325465855,2,101
47.7585,2,1342243071,2,101
47.7738,3,1359020287,2,101
47.7738,3,1375797503,2,101
47.7738,3,1392574719,2,53
47.8045,5,251724031,2,101
47.8045,5,268501247,2,47
47.8199,10,2566979839,2,101
47.8199,10,2583757055,2,101
47.8353,8,604045567,3,101
47.8506,9,2936078591,3,84
48.249,2,1359020287,2,101
48.249,2,1375797503,2,48
48.2644,10,2600534271,2,101
48.2644,10,2617311487,2,101
48.7418,3,1426129151,2,101
48.7418,3,1442906367,2,101
48.7418,3,1459683583,2,101
48.7572,5,302055679,0,101
48.7572,5,318832895,0,101
48.7725,10,2634088703,2,101
48.7725,10,2650865919,2,101
48.7879,8,620822783,1,101
49.2327,2,1409351935,2,101
49.2327,2,1426129151,2,101
49.2481,3,1476460799,2,101
49.2481,3,1493238015,2,101
49.2481,3,1510015231,2,101
49.2634,5,335610111,3,101
49.2634,5,352387327,3,46
49.2788,10,2667643135,2,101
49.2788,10,2684420351,2,101
49.7249,2,1442906367,2,101
49.7249,2,1459683583,2,101
49.7402,3,1526792447,2,101
49.7402,3,1543569663,2,101
49.7402,3,1560346879,2,55
49.7556,10,2701197567,2,101
49.7556,10,2717974783,2,101
49.7709,8,637599999,1,101
50.2148,2,1476460799,2,101
50.2148,2,1493238015,2,101
50.2301,5,385941759,2,101
50.2301,5,402718975,2,101
50.2455,10,2734751999,2,101
50.2455,10,2751529215,2,49
50.2609,8,654377215,1,101
50.706,2,1510015231,2,101
50.706,2,1526792447,2,101
50.7213,3,1593901311,2,101
50.7213,3,1610678527,2,101
50.7213,3,1627455743,2,101
50.7367,5,419496191,2,101
50.7367,5,436273407,2,101
51.1997,2,1543569663,2,101
51.1997,2,1560346879,2,101
51.2151,3,1644232959,2,101
51.2151,3,1661010175,2,101
51.2151,3,1677787391,2,101
51.2458,5,453050623,2,101
51.2458,5,469827839,2,49
51.2612,10,2785083647,2,101
51.2612,10,2801860863,2,101
51.2765,8,671154431,1,101
51.6903,2,1577124095,2,101
51.6903,2,1593901311,2,101
51.7057,3,1694564607,2,101
51.7057,3,1711341823,2,101
51.7057,3,1728119039,2,63
51.721,10,2818638079,2,101
51.721,10,2835415295,2,46
51.7517,8,687931647,1,101
51.7671,11,2801860863,3,78
52.1809,2,1610678527,2,101
52.1809,2,1627455743,2,101
52.1962,5,503382271,2,101
52.1962,5,520159487,2,101
52.6743,2,1644232959,0,101
52.6743,2,1661010175,0,101
52.6897,3,1761673471,2,101
52.6897,3,1778450687,2,101
52.6897,3,1795227903,2,101
52.705,5,536936703,2,101
52.705,5,553713919,2,101
52.7204,10,2868969727,2,101
52.7204,10,2885746943,2,101
52.7357,8,704708863,0,101
53.1636,2,1677787391,2,101
53.1636,2,1694564607,2,101
53.1789,3,1812005119,2,101
53.1789,3,1828782335,2,101
53.1789,3,1845559551,2,65
53.2097,5,570491135,2,101
53.2097,5,587268351,2,47
53.225,10,2902524159,2,101
53.225,10,2919301375,2,101
53.6564,2,1711341823,2,101
53.6564,2,1728119039,2,101
53.6717,10,2936078591,2,101
53.6717,10,2952855807,2,101
53.6871,8,721486079,1,101
54.1485,2,1744896255,2,101
54.1485,2,1761673471,2,101
54.1639,3,1879113983,2,101
54.1639,3,1895891199,2,101
54.1639,3,1912668415,2,101
54.1946,5,620822783,0,101
54.1946,5,637599999,0,101
54.21,10,2969633023,2,101
54.21,10,2986410239,2,101
54.2253,8,738263295,1,101
54.6391,2,1778450687,2,101
54.6391,2,1795227903,2,101
54.6545,3,1929445631,2,101
54.6545,3,1946222847,2,101
54.6545,3,1963000063,2,101
54.6698,5,654377215,2,101
54.6698,5,671154431,2,101
54.6852,10,3003187455,2,101
54.6852,10,3019964671,2,101
55.13,2,1812005119,2,101
55.13,2,1828782335,2,101
55.1453,3,1979777279,2,101
55.1453,3,1996554495,2,101
55.1453,3,2013331711,2,68
55.1607,5,687931647,2,101
55.1607,5,704708863,2,50
55.1761,10,3036741887,2,101
55.1761,10,3053519103,2,101
55.1914,8,755040511,3,101
55.6215,2,1845559551,2,101
55.6215,2,1862336767,2,101
55.6369,10,3070296319,2,101
55.6369,10,3087073535,2,101
55.6522,8,771817727,1,101
56.1149,2,1879113983,2,101
56.1149,2,1895891199,2,101
56.1303,3,2046886143,2,101
56.1303,3,2063663359,2,101
56.1303,3,2080440575,2,101
56.1457,5,738263295,2,101
56.1457,5,755040511,2,101
56.161,10,3103850751,2,101
56.161,10,3120627967,2,101
56.6061,2,1912668415,2,101
56.6061,2,1929445631,2,101
56.6215,3,2097217791,2,101
56.6215,3,2113995007,2,101
56.6215,3,2130772223,2,101
56.6522,5,771817727,2,101
56.6522,5,788594943,2,101
56.6676,10,3137405183,2,101
56.6676,10,3154182399,2,101
56.6829,8,788594943,0,101
57.097,2,1946222847,0,101
57.097,2,1963000063,0,101
57.1124,3,2147549439,3,101
57.1124,3,2164326655,3,101
57.1124,3,2181103871,3,59
57.1277,5,805372159,2,101
57.1277,5,822149375,2,47
57.1431,10,3170959615,2,101
57.1431,10,3187736831,2,101
57.5879,2,1979777279,2,101
57.5879,2,1996554495,2,101
57.6033,10,3204514047,2,101
57.6033,10,3221291263,2,101
57.6186,8,805372159,1,101
58.0807,2,2013331711,2,101
58.0807,2,2030108927,2,101
58.0961,3,2214658303,2,101
58.0961,3,2231435519,2,101
58.0961,3,2248212735,2,101
58.1114,5,855703807,2,101
58.1114,5,872481023,2,101
58.1268,10,3238068479,2,101
58.1268,10,3254845695,2,101
58.1421,8,822149375,1,101
58.5713,2,2046886143,2,101
58.5713,2,2063663359,2,101
58.5866,3,2264989951,2,101
58.5866,3,2281767167,2,101
58.5866,3,2298544383,2,57
58.602,5,889258239,2,101
58.602,5,906035455,2,48
58.6173,10,3271622911,2,101
58.6173,10,3288400127,2,101
59.0618,2,2080440575,2,101
59.0618,2,2097217791,2,101
59.0772,10,3305177343,2,101
59.0772,10,3321954559,2,101
59.0925,8,838926591,1,101
59.554,2,2113995007,2,101
59.554,2,2130772223,2,101
59.5693,3,2332098815,2,101
59.5693,3,2348876031,2,101
59.5693,3,2365653247,2,101
59.6001,5,939589887,2,101
59.6001,5,956367103,2,101
59.6154,10,3338731775,2,101
59.6154,10,3355508991,2,101
59.6308,8,855703807,1,101
60.0458,2,2147549439,2,101
60.0458,2,2164326655,2,101
60.0612,3,2382430463,2,101
60.0612,3,2399207679,2,101
60.0612,3,2415984895,2,101
60.0765,5,973144319,2,101
60.0765,5,989921535,2,101
60.0919,10,3372286207,2,101
60.0919,10,3389063423,2,101
60.5386,2,2181103871,2,101
60.5386,2,2197881087,2,101
60.554,3,2432762111,2,101
60.554,3,2449539327,2,101
60.554,3,2466316543,2,57
60.5693,5,1006698751,2,101
60.5693,5,1023475967,2,50
60.5847,10,3405840639,2,101
60.5847,10,3422617855,2,101
60.6001,8,872481023,1,101
60.6154,9,2969633023,3,81
61.0292,2,2214658303,2,101
61.0292,2,2231435519,2,101
61.0445,10,3439395071,2,101
61.0445,10,3456172287,2,101
61.5217,2,2248212735,2,101
61.5217,2,2264989951,2,101
61.537,3,2499870975,2,101
61.537,3,2516648191,2,101
61.537,3,2533425407,2,101
61.5677,5,1057030399,2,101
61.5677,5,1073807615,2,101
61.5831,10,3472949503,2,101
61.5831,10,3489726719,2,101
61.5985,8,889258239,1,101
62.0116,2,2281767167,2,101
62.0116,2,2298544383,2,101
62.0269,3,2550202623,2,101
62.0269,3,2566979839,2,101
62.0269,3,2583757055,2,101
62.0423,5,1090584831,0,101
62.0423,5,1107362047,0,101
62.0577,10,3506503935,2,101
62.0577,10,3523281151,2,101
62.073,8,906035455,1,101
62.5047,2,2315321599,2,101
62.5047,2,2332098815,2,101
62.5201,3,2600534271,2,101
62.5201,3,2617311487,2,101
62.5201,3,2634088703,2,52
62.5354,5,1124139263,2,101
62.5354,5,1140916479,2,46
62.5508,10,3540058367,2,101
62.5508,10,3556835583,2,101
62.9946,2,2348876031,2,101
62.9946,2,2365653247,2,48
63.01,10,3573612799,2,101
63.01,10,3590390015,2,101
63.0253,8,922812671,1,101
63.4855,3,2667643135,2,101
63.4855,3,2684420351,2,101
63.4855,3,2701197567,2,101
63.5009,5,1174470911,2,101
63.5009,5,1191248127,2,101
63.5162,10,3607167231,2,101
63.5162,10,3623944447,2,101
63.5316,8,939589887,1,101
63.9786,2,2399207679,2,101
63.9786,2,2415984895,2,101
63.994,3,2717974783,2,101
63.994,3,2734751999,2,101
63.994,3,2751529215,2,61
64.0093,5,1208025343,2,101
64.0093,5,1224802559,2,101
64.0247,10,3640721663,2,101
64.0247,10,3657498879,2,101
64.4705,2,2432762111,2,101
64.4705,2,2449539327,2,101
64.4858,5,1241579775,2,101
64.4858,5,1258356991,2,48
64.5012,10,3674276095,2,101
64.5012,10,3691053311,2,101
64.5165,8,956367103,1,101
64.9607,2,2466316543,2,101
64.9607,2,2483093759,2,101
64.9761,3,2785083647,2,101
64.9761,3,2801860863,2,101
64.9761,3,2818638079,2,101
65.0068,10,3707830527,2,101
65.0068,10,3724607743,2,101
65.0221,8,973144319,1,101
65.4522,2,2499870975,2,101
65.4522,2,2516648191,2,101
65.4676,3,2835415295,2,101
65.4676,3,2852192511,2,101
65.4676,3,2868969727,2,101
65.4829,5,1291911423,2,101
65.4829,5,1308688639,2,101
65.4983,10,3741384959,2,101
65.4983,10,3758162175,2,49
65.9431,2,2533425407,2,101
65.9431,2,2550202623,2,101
65.9585,3,2885746943,2,101
65.9585,3,2902524159,2,101
65.9585,3,2919301375,2,64
65.9738,5,1325465855,2,101
65.9738,5,1342243071,2,101
65.9892,8,989921535,1,101
66.4356,2,2566979839,2,101
66.4356,2,2583757055,2,101
66.4509,5,1359020287,3,101
66.4509,5,1375797503,3,50
66.4663,10,3791716607,2,101
66.4663,10,3808493823,2,101
66.497,11,2835415295,3,89
66.9271,2,2600534271,0,101
66.9271,2,2617311487,0,101
66.9425,3,2952855807,2,101
66.9425,3,2969633023,2,101
66.9425,3,2986410239,2,101
66.9732,10,3825271039,2,101
66.9732,10,3842048255,2,101
66.9885,8,1006698751,1,101
67.4199,2,2634088703,0,101
67.4199,2,2650865919,0,101
67.4353,3,3003187455,2,101
67.4353,3,3019964671,2,101
67.4353,3,3036741887,2,101
67.4506,5,1409351935,0,101
67.4506,5,1426129151,0,101
67.466,10,3858825471,2,101
67.466,10,3875602687,2,101
67.4813,8,1023475967,1,101
67.9114,2,2667643135,2,101
67.9114,2,2684420351,2,101
67.9268,3,3053519103,2,101
67.9268,3,3070296319,2,101
67.9268,3,3087073535,2,62
67.9421,5,1442906367,2,101
67.9421,5,1459683583,2,101
67.9575,10,3892379903,2,101
67.9575,10,3909157119,2,101
68.4026,2,2701197567,0,101
68.4026,2,2717974783,0,101
68.418,5,1476460799,2,101
68.418,5,1493238015,2,48
68.4333,10,3925934335,2,101
68.4333,10,3942711551,2,101
68.4487,8,1040253183,1,101
68.8945,2,2734751999,0,101
68.8945,2,2751529215,0,101
68.9098,3,3120627967,2,101
68.9098,3,3137405183,2,101
68.9098,3,3154182399,2,101
68.9252,10,3959488767,2,101
68.9252,10,3976265983,2,101
68.9405,8,1057030399,1,101
69.3841,2,2768306431,0,101
69.3841,2,2785083647,0,101
69.3994,3,3170959615,2,101
69.3994,3,3187736831,2,101
69.3994,3,3204514047,2,60
69.4148,5,1526792447,2,101
69.4148,5,1543569663,2,101
69.4301,10,3993043199,2,101
69.4301,10,4009820415,2,101
69.8753,2,2801860863,2,101
69.8753,2,2818638079,2,101
69.8906,5,1560346879,2,101
69.8906,5,1577124095,2,50
69.906,10,4026597631,2,101
69.906,10,4043374847,2,101
69.9213,8,1073807615,1,101
69.9367,4,2147549439,0,42
70.3668,2,2835415295,2,101
70.3668,2,2852192511,2,101
70.3821,3,3238068479,2,101
70.3821,3,3254845695,2,101
70.3821,3,3271622911,2,101
70.4129,10,4060152063,2,101
70.4129,10,4076929279,2,101
70.4282,8,1090584831,1,101
70.8605,2,2868969727,2,101
70.8605,2,2885746943,2,101
70.8759,3,3288400127,2,101
70.8759,3,3305177343,2,101
70.8759,3,3321954559,2,101
70.9066,5,1610678527,2,101
70.9066,5,1627455743,2,101
70.922,10,4093706495,2,101
70.922,10,4110483711,2,101
71.3514,2,2902524159,2,101
71.3514,2,2919301375,2,101
71.3668,3,3338731775,2,101
71.3668,3,3355508991,2,101
71.3668,3,3372286207,2,56
71.3821,5,1644232959,2,101
71.3821,5,1661010175,2,101
71.3975,10,4127260927,2,101
71.3975,10,4144038143,2,101
71.4129,8,1107362047,1,101
71.8429,2,2936078591,2,101
71.8429,2,2952855807,2,101
71.8583,5,1677787391,2,101
71.8583,5,1694564607,2,46
71.8737,10,4160815359,2,101
71.8737,10,4177592575,2,101
72.3332,2,2969633023,2,101
72.3332,2,2986410239,2,101
72.3485,3,3405840639,2,101
72.3485,3,3422617855,2,101
72.3485,3,3439395071,2,101
72.3793,10,4194369791,2,101
72.3793,10,4211147007,2,101
72.3946,8,1124139263,1,101
72.8244,2,3003187455,2,101
72.8244,2,3019964671,2,101
72.8397,3,3456172287,2,101
72.8397,3,3472949503,2,101
72.8397,3,3489726719,2,101
72.8551,5,1728119039,2,101
72.8551,5,1744896255,2,101
72.8705,10,4227924223,2,101
72.8705,10,4244701439,2,101
72.8858,8,1140916479,1,101
73.3169,2,3036741887,2,101
73.3169,2,3053519103,2,101
73.3322,3,3506503935,2,101
73.3322,3,3523281151,2,101
73.3322,3,3540058367,2,48
73.3476,5,1761673471,2,101
73.3476,5,1778450687,2,101
73.3629,10,4261478655,2,101
73.3629,10,4278255871,2,101
73.8074,2,3070296319,2,101
73.8074,2,3087073535,2,101
73.8228,5,1795227903,2,101
73.8228,5,1812005119,2,46
73.8381,10,65791,2,101
73.8381,10,16843007,2,101
73.8535,8,1157693695,3,101
74.2999,2,3103850751,2,101
74.2999,2,3120627967,2,101
74.3153,3,3573612799,2,101
74.3153,3,3590390015,2,101
74.3153,3,3607167231,2,101
74.3306,10,33620223,2,101
74.3306,10,50397439,2,101
74.346,8,1174470911,1,101
74.7914,2,3137405183,0,101
74.7914,2,3154182399,0,101
74.8068,3,3623944447,2,101
74.8068,3,3640721663,2,101
74.8068,3,3657498879,2,101
74.8221,5,1845559551,2,101
74.8221,5,1862336767,2,101
74.8375,10,67174655,2,101
74.8375,10,83951871,2,101
75.2829,2,3170959615,2,101
75.2829,2,3187736831,2,101
75.2983,3,3674276095,2,101
75.2983,3,3691053311,2,101
75.2983,3,3707830527,2,56
75.3137,5,1879113983,2,101
75.3137,5,1895891199,2,101
75.329,10,100729087,2,101
75.329,10,117506303,2,101
75.3444,8,1191248127,1,101
75.7754,2,3204514047,2,101
75.7754,2,3221291263,2,101
75.7908,5,1912668415,2,101
75.7908,5,1929445631,2,46
75.8061,10,134283519,2,101
75.8061,10,151060735,2,101
76.2653,2,3238068479,2,101
76.2653,2,3254845695,2,101
76.2807,3,3741384959,2,101
76.2807,3,3758162175,2,101
76.2807,3,3774939391,2,101
76.2961,10,167837951,2,101
76.2961,10,184615167,2,101
76.3114,8,1208025343,1,101
76.7578,2,3271622911,2,101
76.7578,2,3288400127,2,101
76.7732,3,3791716607,2,101
76.7732,3,3808493823,2,101
76.7732,3,3825271039,2,61
76.8039,5,1963000063,2,101
76.8039,5,1979777279,2,101
76.8193,10,201392383,2,101
76.8193,10,218169599,2,101
76.8346,8,1224802559,1,101
77.2497,2,3305177343,2,101
77.2497,2,3321954559,2,47
77.265,5,1996554495,2,101
77.265,5,2013331711,2,101
77.2804,10,234946815,2,101
77.2804,10,251724031,2,101
77.7402,3,3858825471,2,101
77.7402,3,3875602687,2,101
77.7402,3,3892379903,2,101
77.7709,5,2030108927,2,101
77.7709,5,2046886143,2,48
77.7863,10,268501247,2,101
77.7863,10,285278463,2,101
77.8017,8,1241579775,0,101
77.817,11,2868969727,3,75
78.2317,2,3355508991,2,101
78.2317,2,3372286207,2,101
78.2471,3,3909157119,2,101
78.2471,3,3925934335,2,101
78.2471,3,3942711551,2,101
78.2625,10,302055679,2,101
78.2625,10,318832895,2,101
78.2778,8,1258356991,1,101
78.7242,2,3389063423,0,101
78.7242,2,3405840639,0,101
78.7549,3,3959488767,2,101
78.7549,3,3976265983,2,101
78.7549,3,3993043199,2,62
78.7703,5,2080440575,2,101
78.7703,5,2097217791,2,101
78.7857,10,335610111,2,101
78.7857,10,352387327,2,101
78.8164,9,3003187455,3,84
79.2164,2,3422617855,3,101
79.2164,2,3439395071,3,101
79.2317,5,2113995007,2,101
79.2317,5,2130772223,2,49
79.2471,10,369164543,2,101
79.2471,10,385941759,2,46
79.2625,8,1275134207,1,101
79.706,2,3456172287,0,101
79.706,2,3472949503,0,101
79.7213,3,4026597631,2,101
79.7213,3,4043374847,2,101
79.7213,3,4060152063,2,101
80.1994,2,3489726719,2,101
80.1994,2,3506503935,2,101
80.2148,3,4076929279,2,101
80.2148,3,4093706495,2,101
80.2148,3,4110483711,2,101
80.2455,5,2164326655,2,101
80.2455,5,2181103871,2,101
80.2609,10,419496191,2,101
80.2609,10,436273407,2,101
80.2762,8,1291911423,1,101
80.6893,2,3523281151,2,101
80.6893,2,3540058367,2,101
80.7047,3,4127260927,2,101
80.7047,3,4144038143,2,101
80.7047,3,4160815359,2,64
80.7201,5,2197881087,2,101
80.7201,5,2214658303,2,101
80.7354,10,453050623,2,101
80.7354,10,469827839,2,48
80.7661,8,1308688639,1,101
81.1802,2,3556835583,2,101
81.1802,2,3573612799,2,101
81.1956,5,2231435519,2,101
81.1956,5,2248212735,2,49
81.674,2,3590390015,2,101
81.674,2,3607167231,2,101
81.6893,3,4194369791,2,101
81.6893,3,4211147007,2,101
81.6893,3,4227924223,2,101
81.7047,10,503382271,2,101
81.7047,10,520159487,2,101
81.7201,8,1325465855,1,101
82.1645,2,3623944447,2,101
82.1645,2,3640721663,2,101
82.1799,3,4244701439,2,101
82.1799,3,4261478655,2,101
82.1799,3,4278255871,2,48
82.1953,5,2281767167,2,101
82.1953,5,2298544383,2,101
82.2106,10,536936703,2,101
82.2106,10,553713919,2,101
82.2413,8,1342243071,1,101
82.6567,2,3657498879,2,101
82.6567,2,3674276095,2,101
82.6721,5,2315321599,2,101
82.6721,5,2332098815,2,101
82.6874,10,570491135,2,101
82.6874,10,587268351,2,101
83.1485,2,3691053311,2,101
83.1485,2,3707830527,2,101
83.1639,3,16843007,2,101
83.1639,3,33620223,2,101
83.1639,3,50397439,2,101
83.1946,5,2348876031,2,101
83.1946,5,2365653247,2,46
83.21,10,604045567,2,101
83.21,10,620822783,2,101
83.2253,8,1359020287,1,101
83.6401,2,3724607743,0,101
83.6401,2,3741384959,0,101
83.6554,3,67174655,2,101
83.6554,3,83951871,2,101
83.6554,3,100729087,2,101
83.6708,10,637599999,2,101
83.6708,10,654377215,2,101
83.6861,8,1375797503,1,101
84.1313,2,3758162175,2,101
84.1313,2,3774939391,2,101
84.1466,3,117506303,2,101
84.1466,3,134283519,2,101
84.1466,3,151060735,2,58
84.162,5,2399207679,2,101
84.162,5,2415984895,2,101
84.1773,10,671154431,2,101
84.1773,10,687931647,2,101
84.6228,2,3791716607,2,101
84.6228,2,3808493823,2,101
84.6381,5,2432762111,2,101
84.6381,5,2449539327,2,101
84.6535,10,704708863,2,101
84.6535,10,721486079,2,101
84.6689,8,1392574719,1,101
85.1133,2,3825271039,0,101
85.1133,2,3842048255,0,101
85.1287,3,184615167,2,101
85.1287,3,201392383,2,101
85.1287,3,218169599,2,101
85.1441,5,2466316543,2,101
85.1441,5,2483093759,2,48
85.1594,10,738263295,2,101
85.1594,10,755040511,2,101
85.6061,2,3858825471,2,101
85.6061,2,3875602687,2,101
85.6215,3,234946815,2,101
85.6215,3,251724031,2,101
85.6215,3,268501247,2,101
85.6369,10,771817727,2,101
85.6369,10,788594943,2,101
85.6522,8,1409351935,1,101
86.0973,2,3892379903,0,101
86.0973,2,3909157119,0,101
86.1127,3,285278463,2,101
86.1127,3,302055679,2,101
86.1127,3,318832895,2,58
86.1281,5,2516648191,2,101
86.1281,5,2533425407,2,101
86.1434,10,805372159,2,101
86.1434,10,822149375,2,101
86.1588,8,1426129151,3,101
86.5879,2,3925934335,3,101
86.5879,2,3942711551,3,101
86.6033,5,2550202623,2,101
86.6033,5,2566979839,2,101
86.6186,10,838926591,2,101
86.6186,10,855703807,2,101
87.0804,2,3959488767,0,101
87.0804,2,3976265983,0,101
87.0957,3,352387327,2,101
87.0957,3,369164543,2,101
87.0957,3,385941759,2,101
87.1111,5,2583757055,2,101
87.1111,5,2600534271,2,47
87.1265,10,872481023,2,101
87.1265,10,889258239,2,101
87.1418,8,1442906367,1,101
87.5713,2,3993043199,0,101
87.5713,2,4009820415,0,101
87.5866,3,402718975,2,101
87.5866,3,419496191,2,101
87.5866,3,436273407,2,69
87.602,10,906035455,2,101
87.602,10,922812671,2,101
87.6173,8,1459683583,1,101
88.0631,2,4026597631,2,101
88.0631,2,4043374847,2,101
88.0785,5,2634088703,2,101
88.0785,5,2650865919,2,101
88.0938,10,939589887,2,101
88.0938,10,956367103,2,101
88.5537,2,4060152063,2,101
88.5537,2,4076929279,2,101
88.569,3,469827839,2,101
88.569,3,486605055,2,101
88.569,3,503382271,2,101
88.5997,5,2667643135,2,101
88.5997,5,2684420351,2,101
88.6151,10,973144319,2,101
88.6151,10,989921535,2,101
88.6305,8,1476460799,1,101
89.0458,2,4093706495,2,101
89.0458,2,4110483711,2,101
89.0612,3,520159487,2,101
89.0612,3,536936703,2,101
89.0612,3,553713919,2,101
89.0919,5,2701197567,0,101
89.0919,5,2717974783,0,47
89.1073,10,1006698751,2,101
89.1073,10,1023475967,2,101
89.5373,2,4127260927,2,101
89.5373,2,4144038143,2,101
89.5527,3,570491135,2,101
89.5527,3,587268351,2,101
89.5527,3,604045567,2,66
89.5681,10,1040253183,2,101
89.5681,10,1057030399,2,101
89.5834,8,1493238015,1,101
90.0292,2,4160815359,2,101
90.0292,2,4177592575,2,101
90.0445,5,2751529215,2,101
90.0445,5,2768306431,2,101
90.0599,10,1073807615,2,101
90.0599,10,1090584831,2,101
90.0753,8,1510015231,1,101
90.521,2,4194369791,2,101
90.521,2,4211147007,2,101
90.5364,3,637599999,2,101
90.5364,3,654377215,2,101
90.5364,3,671154431,2,101
90.5517,5,2785083647,2,101
90.5517,5,2801860863,2,50
90.5671,10,1107362047,2,101
90.5671,10,1124139263,2,101
91.0116,2,4227924223,0,101
91.0116,2,4244701439,0,101
91.0269,3,687931647,2,101
91.0269,3,704708863,2,101
91.0269,3,721486079,2,101
91.0423,10,1140916479,2,101
91.0423,10,1157693695,2,101
91.0577,8,1526792447,1,101
91.5034,2,4261478655,2,101
91.5034,2,4278255871,2,101
91.5188,3,738263295,2,101
91.5188,3,755040511,2,101
91.5188,3,771817727,2,62
91.5341,5,2835415295,2,101
91.5341,5,2852192511,2,101
91.5495,10,1174470911,2,101
91.5495,10,1191248127,2,101
91.5649,8,1543569663,1,101
91.9946,2,65791,2,101
91.9946,2,16843007,2,49
92.01,5,2868969727,0,101
92.01,5,2885746943,0,101
92.0253,10,1208025343,2,101
92.0253,10,1224802559,2,101
92.0561,11,2902524159,3,84
92.4858,3,805372159,2,101
92.4858,3,822149375,2,101
92.4858,3,838926591,2,101
92.5012,5,2902524159,2,101
92.5012,5,2919301375,2,48
92.5165,10,1241579775,2,101
92.5165,10,1258356991,2,101
92.5319,8,1560346879,1,101
92.978,2,50397439,0,101
92.978,2,67174655,0,101
92.9933,3,855703807,2,101
92.9933,3,872481023,2,101
92.9933,3,889258239,2,67
93.0087,10,1275134207,2,101
93.0087,10,1291911423,2,101
93.4701,2,83951871,0,101
93.4701,2,100729087,0,101
93.4855,5,2952855807,2,101
93.4855,5,2969633023,2,101
93.5009,10,1308688639,2,101
93.5009,10,1325465855,2,101
93.5162,8,1577124095,1,101
93.9613,2,117506303,2,101
93.9613,2,134283519,2,101
93.9767,3,922812671,2,101
93.9767,3,939589887,2,101
93.9767,3,956367103,2,101
94.0074,5,2986410239,2,101
94.0074,5,3003187455,2,101
94.0228,10,1342243071,2,101
94.0228,10,1359020287,2,101
94.0381,8,1593901311,1,101
94.4535,2,151060735,2,101
94.4535,2,167837951,2,101
94.4689,3,973144319,2,101
94.4689,3,989921535,2,101
94.4689,3,1006698751,2,101
94.4996,5,3019964671,2,101
94.4996,5,3036741887,2,50
94.5149,10,1375797503,2,101
94.5149,10,1392574719,2,101
94.945,2,184615167,2,101
94.945,2,201392383,2,101
94.9604,3,1023475967,2,101
94.9604,3,1040253183,2,101
94.9604,3,1057030399,2,55
94.9757,10,1409351935,2,101
94.9757,10,1426129151,2,50
94.9911,8,1610678527,1,101
95.4346,2,218169599,2,101
95.4346,2,234946815,2,101
95.45,5,3070296319,2,101
95.45,5,3087073535,2,101
95.4653,8,1627455743,1,101
95.9261,2,251724031,2,101
95.9261,2,268501247,2,101
95.9415,3,1090584831,2,101
95.9415,3,1107362047,2,101
95.9415,3,1124139263,2,101
95.9722,5,3103850751,2,101
95.9722,5,3120627967,2,101
95.9876,10,1459683583,2,101
95.9876,10,1476460799,2,101
96.4173,2,285278463,2,101
96.4173,2,302055679,2,101
96.4327,3,1140916479,2,101
96.4327,3,1157693695,2,101
96.4327,3,1174470911,2,101
96.4481,5,3137405183,2,101
96.4481,5,3154182399,2,48
96.4634,10,1493238015,2,101
96.4634,10,1510015231,2,101
96.4788,8,1644232959,1,101
96.9108,2,318832895,2,101
96.9108,2,335610111,2,101
96.9261,3,1191248127,2,101
96.9261,3,1208025343,2,101
96.9261,3,1224802559,2,55
96.9415,10,1526792447,2,101
96.9415,10,1543569663,2,101
96.9569,8,1661010175,1,101
97.4013,2,352387327,0,101
97.4013,2,369164543,0,101
97.4167,5,3187736831,2,101
97.4167,5,3204514047,2,101
97.4321,10,1560346879,2,101
97.4321,10,1577124095,2,101
97.8925,2,385941759,2,101
97.8925,2,402718975,2,101
97.9079,3,1258356991,2,101
97.9079,3,1275134207,2,101
97.9079,3,1291911423,2,101
97.9233,5,3221291263,2,101
97.9233,5,3238068479,2,101
97.9386,10,1593901311,2,101
97.9386,10,1610678527,2,101
97.954,8,1677787391,1,101
98.3834,2,419496191,2,101
98.3834,2,436273407,2,101
98.3988,3,1308688639,2,101
98.3988,3,1325465855,2,101
98.3988,3,1342243071,2,70
98.4295,5,3254845695,2,101
98.4295,5,3271622911,2,48
98.4449,10,1627455743,2,101
98.4449,10,1644232959,2,101
98.8772,2,453050623,2,101
98.8772,2,469827839,2,101
98.8925,10,1661010175,2,101
98.8925,10,1677787391,2,101
98.9079,8,1694564607,1,101
99.3684,2,486605055,2,101
99.3684,2,503382271,2,101
99.3837,3,1375797503,2,101
99.3837,3,1392574719,2,101
99.3837,3,1409351935,2,101
99.4145,5,3305177343,2,101
99.4145,5,3321954559,2,101
99.4298,10,1694564607,2,101
99.4298,10,1711341823,2,101
99.4452,8,1711341823,0,101
99.8593,2,520159487,0,101
99.8593,2,536936703,0,101
99.8746,3,1426129151,2,101
99.8746,3,1442906367,2,101
99.8746,3,1459683583,2,101
99.89,5,3338731775,2,101
99.89,5,3355508991,2,46
99.9053,10,1728119039,2,101
99.9053,10,1744896255,2,101
